{
  "Open Product Page" : {
    "transaction" : "Open Product Page",
    "sampleCount" : 260,
    "errorCount" : 0,
    "errorPct" : 0.0,
    "meanResTime" : 23.21538461538462,
    "medianResTime" : 20.0,
    "minResTime" : 17.0,
    "maxResTime" : 72.0,
    "pct1ResTime" : 22.0,
    "pct2ResTime" : 63.0,
    "pct3ResTime" : 68.38999999999999,
    "throughput" : 13.369671414614078,
    "receivedKBytesPerSec" : 72.66263755335014,
    "sentKBytesPerSec" : 2.5590386692034763
  },
  "Homepage" : {
    "transaction" : "Homepage",
    "sampleCount" : 260,
    "errorCount" : 0,
    "errorPct" : 0.0,
    "meanResTime" : 63.77692307692309,
    "medianResTime" : 59.0,
    "minResTime" : 16.0,
    "maxResTime" : 744.0,
    "pct1ResTime" : 68.0,
    "pct2ResTime" : 101.29999999999984,
    "pct3ResTime" : 739.56,
    "throughput" : 12.828103414249062,
    "receivedKBytesPerSec" : 64.14562441410105,
    "sentKBytesPerSec" : 2.254940053285968
  },
  "Send Message" : {
    "transaction" : "Send Message",
    "sampleCount" : 260,
    "errorCount" : 260,
    "errorPct" : 100.0,
    "meanResTime" : 62.373076923076916,
    "medianResTime" : 62.0,
    "minResTime" : 57.0,
    "maxResTime" : 71.0,
    "pct1ResTime" : 65.0,
    "pct2ResTime" : 65.0,
    "pct3ResTime" : 67.0,
    "throughput" : 13.315579227696404,
    "receivedKBytesPerSec" : 6.4499337421899,
    "sentKBytesPerSec" : 3.6799891810918774
  },
  "Open Contact Page" : {
    "transaction" : "Open Contact Page",
    "sampleCount" : 260,
    "errorCount" : 0,
    "errorPct" : 0.0,
    "meanResTime" : 20.576923076923066,
    "medianResTime" : 20.0,
    "minResTime" : 17.0,
    "maxResTime" : 65.0,
    "pct1ResTime" : 21.0,
    "pct2ResTime" : 22.0,
    "pct3ResTime" : 64.38999999999999,
    "throughput" : 13.34359763920965,
    "receivedKBytesPerSec" : 76.76001772196561,
    "sentKBytesPerSec" : 2.462831986143187
  },
  "Open Homepage" : {
    "transaction" : "Open Homepage",
    "sampleCount" : 260,
    "errorCount" : 0,
    "errorPct" : 0.0,
    "meanResTime" : 63.77692307692309,
    "medianResTime" : 59.0,
    "minResTime" : 16.0,
    "maxResTime" : 744.0,
    "pct1ResTime" : 68.0,
    "pct2ResTime" : 101.29999999999984,
    "pct3ResTime" : 739.56,
    "throughput" : 12.91283834119692,
    "receivedKBytesPerSec" : 64.56933278495157,
    "sentKBytesPerSec" : 2.269834864663521
  },
  "Contact" : {
    "transaction" : "Contact",
    "sampleCount" : 260,
    "errorCount" : 260,
    "errorPct" : 100.0,
    "meanResTime" : 82.94999999999996,
    "medianResTime" : 82.0,
    "minResTime" : 76.0,
    "maxResTime" : 130.0,
    "pct1ResTime" : 86.0,
    "pct2ResTime" : 87.0,
    "pct3ResTime" : 125.38999999999999,
    "throughput" : 13.30195436406426,
    "receivedKBytesPerSec" : 82.96379574145605,
    "sentKBytesPerSec" : 6.131369589685869
  },
  "Submit Order" : {
    "transaction" : "Submit Order",
    "sampleCount" : 260,
    "errorCount" : 260,
    "errorPct" : 100.0,
    "meanResTime" : 62.311538461538454,
    "medianResTime" : 62.0,
    "minResTime" : 57.0,
    "maxResTime" : 68.0,
    "pct1ResTime" : 65.0,
    "pct2ResTime" : 66.0,
    "pct3ResTime" : 67.38999999999999,
    "throughput" : 13.344967407483447,
    "receivedKBytesPerSec" : 6.424872003798183,
    "sentKBytesPerSec" : 3.3101774624031206
  },
  "CartPage" : {
    "transaction" : "CartPage",
    "sampleCount" : 260,
    "errorCount" : 0,
    "errorPct" : 0.0,
    "meanResTime" : 22.642307692307686,
    "medianResTime" : 20.0,
    "minResTime" : 16.0,
    "maxResTime" : 77.0,
    "pct1ResTime" : 22.0,
    "pct2ResTime" : 64.0,
    "pct3ResTime" : 70.38999999999999,
    "throughput" : 13.370358942713155,
    "receivedKBytesPerSec" : 76.84501311323665,
    "sentKBytesPerSec" : 2.467771328293736
  },
  "Checkout" : {
    "transaction" : "Checkout",
    "sampleCount" : 260,
    "errorCount" : 260,
    "errorPct" : 100.0,
    "meanResTime" : 124.81153846153849,
    "medianResTime" : 124.0,
    "minResTime" : 116.0,
    "maxResTime" : 171.0,
    "pct1ResTime" : 128.0,
    "pct2ResTime" : 130.0,
    "pct3ResTime" : 138.62999999999977,
    "throughput" : 13.29991303903013,
    "receivedKBytesPerSec" : 12.845326167578905,
    "sentKBytesPerSec" : 5.8057237582485035
  },
  "Total" : {
    "transaction" : "Total",
    "sampleCount" : 2080,
    "errorCount" : 780,
    "errorPct" : 37.5,
    "meanResTime" : 42.25961538461543,
    "medianResTime" : 22.0,
    "minResTime" : 16.0,
    "maxResTime" : 744.0,
    "pct1ResTime" : 64.0,
    "pct2ResTime" : 65.0,
    "pct3ResTime" : 74.0,
    "throughput" : 101.07391029690461,
    "receivedKBytesPerSec" : 368.04765704723263,
    "sentKBytesPerSec" : 20.64168114339861
  },
  "Open Checkout Page" : {
    "transaction" : "Open Checkout Page",
    "sampleCount" : 260,
    "errorCount" : 260,
    "errorPct" : 100.0,
    "meanResTime" : 62.50000000000003,
    "medianResTime" : 62.0,
    "minResTime" : 58.0,
    "maxResTime" : 111.0,
    "pct1ResTime" : 65.0,
    "pct2ResTime" : 65.94999999999999,
    "pct3ResTime" : 75.79999999999973,
    "throughput" : 13.344282488195443,
    "receivedKBytesPerSec" : 6.4636368302196665,
    "sentKBytesPerSec" : 2.5150844924040237
  },
  "View Cart" : {
    "transaction" : "View Cart",
    "sampleCount" : 260,
    "errorCount" : 0,
    "errorPct" : 0.0,
    "meanResTime" : 20.680769230769222,
    "medianResTime" : 20.0,
    "minResTime" : 17.0,
    "maxResTime" : 64.0,
    "pct1ResTime" : 21.0,
    "pct2ResTime" : 22.94999999999999,
    "pct3ResTime" : 63.0,
    "throughput" : 13.372421951344956,
    "receivedKBytesPerSec" : 76.8311036587718,
    "sentKBytesPerSec" : 2.4681520984415983
  },
  "Cart" : {
    "transaction" : "Cart",
    "sampleCount" : 260,
    "errorCount" : 0,
    "errorPct" : 0.0,
    "meanResTime" : 66.53846153846158,
    "medianResTime" : 60.0,
    "minResTime" : 50.0,
    "maxResTime" : 204.0,
    "pct1ResTime" : 66.0,
    "pct2ResTime" : 146.89999999999998,
    "pct3ResTime" : 174.74999999999966,
    "throughput" : 13.282926330847042,
    "receivedKBytesPerSec" : 224.85059701325736,
    "sentKBytesPerSec" : 7.445702845611525
  }
}