{
  "Open Product Page" : {
    "transaction" : "Open Product Page",
    "sampleCount" : 260,
    "errorCount" : 0,
    "errorPct" : 0.0,
    "meanResTime" : 25.453846153846154,
    "medianResTime" : 23.0,
    "minResTime" : 21.0,
    "maxResTime" : 73.0,
    "pct1ResTime" : 24.0,
    "pct2ResTime" : 65.94999999999999,
    "pct3ResTime" : 71.77999999999997,
    "throughput" : 13.259217706155338,
    "receivedKBytesPerSec" : 72.06462514024172,
    "sentKBytesPerSec" : 2.5378971390687948
  },
  "Homepage" : {
    "transaction" : "Homepage",
    "sampleCount" : 260,
    "errorCount" : 0,
    "errorPct" : 0.0,
    "meanResTime" : 69.84615384615384,
    "medianResTime" : 76.0,
    "minResTime" : 21.0,
    "maxResTime" : 596.0,
    "pct1ResTime" : 85.0,
    "pct2ResTime" : 104.74999999999994,
    "pct3ResTime" : 587.3399999999999,
    "throughput" : 12.810405991328341,
    "receivedKBytesPerSec" : 64.07834941306169,
    "sentKBytesPerSec" : 2.251829178163185
  },
  "Send Message" : {
    "transaction" : "Send Message",
    "sampleCount" : 260,
    "errorCount" : 260,
    "errorPct" : 100.0,
    "meanResTime" : 65.71153846153845,
    "medianResTime" : 65.0,
    "minResTime" : 61.0,
    "maxResTime" : 89.0,
    "pct1ResTime" : 68.0,
    "pct2ResTime" : 69.0,
    "pct3ResTime" : 74.28999999999985,
    "throughput" : 13.295152382900389,
    "receivedKBytesPerSec" : 6.439839435467375,
    "sentKBytesPerSec" : 3.674343871446103
  },
  "Open Contact Page" : {
    "transaction" : "Open Contact Page",
    "sampleCount" : 260,
    "errorCount" : 0,
    "errorPct" : 0.0,
    "meanResTime" : 23.87307692307692,
    "medianResTime" : 23.0,
    "minResTime" : 21.0,
    "maxResTime" : 68.0,
    "pct1ResTime" : 24.0,
    "pct2ResTime" : 25.0,
    "pct3ResTime" : 66.38999999999999,
    "throughput" : 13.323084806559056,
    "receivedKBytesPerSec" : 76.54503546951064,
    "sentKBytesPerSec" : 2.459045926210607
  },
  "Open Homepage" : {
    "transaction" : "Open Homepage",
    "sampleCount" : 260,
    "errorCount" : 0,
    "errorPct" : 0.0,
    "meanResTime" : 69.84615384615384,
    "medianResTime" : 76.0,
    "minResTime" : 21.0,
    "maxResTime" : 596.0,
    "pct1ResTime" : 85.0,
    "pct2ResTime" : 104.74999999999994,
    "pct3ResTime" : 587.3399999999999,
    "throughput" : 12.88404360753221,
    "receivedKBytesPerSec" : 64.44668878530723,
    "sentKBytesPerSec" : 2.2647732903865214
  },
  "Contact" : {
    "transaction" : "Contact",
    "sampleCount" : 260,
    "errorCount" : 260,
    "errorPct" : 100.0,
    "meanResTime" : 89.5846153846154,
    "medianResTime" : 88.0,
    "minResTime" : 83.0,
    "maxResTime" : 136.0,
    "pct1ResTime" : 92.0,
    "pct2ResTime" : 92.0,
    "pct3ResTime" : 132.39,
    "throughput" : 13.27953419480055,
    "receivedKBytesPerSec" : 82.72709878888094,
    "sentKBytesPerSec" : 6.121035292915879
  },
  "Submit Order" : {
    "transaction" : "Submit Order",
    "sampleCount" : 260,
    "errorCount" : 260,
    "errorPct" : 100.0,
    "meanResTime" : 65.55384615384615,
    "medianResTime" : 65.0,
    "minResTime" : 60.0,
    "maxResTime" : 75.0,
    "pct1ResTime" : 68.0,
    "pct2ResTime" : 69.0,
    "pct3ResTime" : 73.38999999999999,
    "throughput" : 13.292433537832311,
    "receivedKBytesPerSec" : 6.399579818507158,
    "sentKBytesPerSec" : 3.297146600204499
  },
  "CartPage" : {
    "transaction" : "CartPage",
    "sampleCount" : 260,
    "errorCount" : 0,
    "errorPct" : 0.0,
    "meanResTime" : 24.59230769230769,
    "medianResTime" : 23.0,
    "minResTime" : 22.0,
    "maxResTime" : 73.0,
    "pct1ResTime" : 24.0,
    "pct2ResTime" : 25.0,
    "pct3ResTime" : 70.77999999999997,
    "throughput" : 13.28971580453895,
    "receivedKBytesPerSec" : 76.37418576530872,
    "sentKBytesPerSec" : 2.4528869990799427
  },
  "Checkout" : {
    "transaction" : "Checkout",
    "sampleCount" : 260,
    "errorCount" : 260,
    "errorPct" : 100.0,
    "meanResTime" : 131.12307692307687,
    "medianResTime" : 131.0,
    "minResTime" : 124.0,
    "maxResTime" : 141.0,
    "pct1ResTime" : 134.9,
    "pct2ResTime" : 136.0,
    "pct3ResTime" : 139.77999999999997,
    "throughput" : 13.246382718565314,
    "receivedKBytesPerSec" : 12.793625496739352,
    "sentKBytesPerSec" : 5.782356518748727
  },
  "Total" : {
    "transaction" : "Total",
    "sampleCount" : 2080,
    "errorCount" : 780,
    "errorPct" : 37.5,
    "meanResTime" : 45.5745192307692,
    "medianResTime" : 24.0,
    "minResTime" : 21.0,
    "maxResTime" : 596.0,
    "pct1ResTime" : 69.0,
    "pct2ResTime" : 78.0,
    "pct3ResTime" : 88.0,
    "throughput" : 101.61707948605208,
    "receivedKBytesPerSec" : 370.0293546033025,
    "sentKBytesPerSec" : 20.752609128438124
  },
  "Open Checkout Page" : {
    "transaction" : "Open Checkout Page",
    "sampleCount" : 260,
    "errorCount" : 260,
    "errorPct" : 100.0,
    "meanResTime" : 65.56923076923081,
    "medianResTime" : 65.0,
    "minResTime" : 60.0,
    "maxResTime" : 74.0,
    "pct1ResTime" : 68.0,
    "pct2ResTime" : 69.0,
    "pct3ResTime" : 70.0,
    "throughput" : 13.291074532256417,
    "receivedKBytesPerSec" : 6.437864226561701,
    "sentKBytesPerSec" : 2.5050560397709845
  },
  "View Cart" : {
    "transaction" : "View Cart",
    "sampleCount" : 260,
    "errorCount" : 0,
    "errorPct" : 0.0,
    "meanResTime" : 23.996153846153835,
    "medianResTime" : 23.0,
    "minResTime" : 21.0,
    "maxResTime" : 69.0,
    "pct1ResTime" : 24.0,
    "pct2ResTime" : 24.94999999999999,
    "pct3ResTime" : 67.0,
    "throughput" : 13.320354526358932,
    "receivedKBytesPerSec" : 76.61610362019059,
    "sentKBytesPerSec" : 2.458541997540858
  },
  "Cart" : {
    "transaction" : "Cart",
    "sampleCount" : 260,
    "errorCount" : 0,
    "errorPct" : 0.0,
    "meanResTime" : 74.0423076923077,
    "medianResTime" : 69.0,
    "minResTime" : 65.0,
    "maxResTime" : 208.0,
    "pct1ResTime" : 72.0,
    "pct2ResTime" : 113.89999999999998,
    "pct3ResTime" : 205.39,
    "throughput" : 13.228186212159756,
    "receivedKBytesPerSec" : 224.00252003307045,
    "sentKBytesPerSec" : 7.415018443144238
  }
}