{
  "Open Product Page" : {
    "transaction" : "Open Product Page",
    "sampleCount" : 260,
    "errorCount" : 0,
    "errorPct" : 0.0,
    "meanResTime" : 14.873076923076926,
    "medianResTime" : 11.0,
    "minResTime" : 9.0,
    "maxResTime" : 48.0,
    "pct1ResTime" : 37.0,
    "pct2ResTime" : 39.0,
    "pct3ResTime" : 43.389999999999986,
    "throughput" : 13.461737599668634,
    "receivedKBytesPerSec" : 87.29424130488246,
    "sentKBytesPerSec" : 2.5766607124365746
  },
  "Homepage" : {
    "transaction" : "Homepage",
    "sampleCount" : 260,
    "errorCount" : 0,
    "errorPct" : 0.0,
    "meanResTime" : 51.41923076923078,
    "medianResTime" : 41.5,
    "minResTime" : 9.0,
    "maxResTime" : 639.0,
    "pct1ResTime" : 68.0,
    "pct2ResTime" : 89.94999999999999,
    "pct3ResTime" : 633.39,
    "throughput" : 12.952722562646342,
    "receivedKBytesPerSec" : 168.2535989731231,
    "sentKBytesPerSec" : 2.276845762965177
  },
  "Send Message" : {
    "transaction" : "Send Message",
    "sampleCount" : 260,
    "errorCount" : 260,
    "errorPct" : 100.0,
    "meanResTime" : 37.54999999999999,
    "medianResTime" : 37.0,
    "minResTime" : 34.0,
    "maxResTime" : 99.0,
    "pct1ResTime" : 39.0,
    "pct2ResTime" : 40.0,
    "pct3ResTime" : 47.94999999999993,
    "throughput" : 13.493875856342122,
    "receivedKBytesPerSec" : 6.536096117915715,
    "sentKBytesPerSec" : 3.729264518891426
  },
  "Open Contact Page" : {
    "transaction" : "Open Contact Page",
    "sampleCount" : 260,
    "errorCount" : 0,
    "errorPct" : 0.0,
    "meanResTime" : 11.988461538461538,
    "medianResTime" : 11.0,
    "minResTime" : 9.0,
    "maxResTime" : 43.0,
    "pct1ResTime" : 13.0,
    "pct2ResTime" : 15.0,
    "pct3ResTime" : 38.389999999999986,
    "throughput" : 13.511406745309982,
    "receivedKBytesPerSec" : 109.02848600789899,
    "sentKBytesPerSec" : 2.4938045652964718
  },
  "Open Homepage" : {
    "transaction" : "Open Homepage",
    "sampleCount" : 260,
    "errorCount" : 0,
    "errorPct" : 0.0,
    "meanResTime" : 51.41923076923078,
    "medianResTime" : 41.5,
    "minResTime" : 9.0,
    "maxResTime" : 639.0,
    "pct1ResTime" : 68.0,
    "pct2ResTime" : 89.94999999999999,
    "pct3ResTime" : 633.39,
    "throughput" : 13.035848583604913,
    "receivedKBytesPerSec" : 169.3333914358235,
    "sentKBytesPerSec" : 2.2914577588368013
  },
  "Contact" : {
    "transaction" : "Contact",
    "sampleCount" : 260,
    "errorCount" : 260,
    "errorPct" : 100.0,
    "meanResTime" : 49.538461538461576,
    "medianResTime" : 48.0,
    "minResTime" : 44.0,
    "maxResTime" : 111.0,
    "pct1ResTime" : 52.0,
    "pct2ResTime" : 56.0,
    "pct3ResTime" : 78.94999999999993,
    "throughput" : 13.485477178423237,
    "receivedKBytesPerSec" : 115.35127885114107,
    "sentKBytesPerSec" : 6.21596213692946
  },
  "Submit Order" : {
    "transaction" : "Submit Order",
    "sampleCount" : 260,
    "errorCount" : 260,
    "errorPct" : 100.0,
    "meanResTime" : 37.434615384615384,
    "medianResTime" : 37.0,
    "minResTime" : 33.0,
    "maxResTime" : 64.0,
    "pct1ResTime" : 39.0,
    "pct2ResTime" : 40.0,
    "pct3ResTime" : 42.16999999999996,
    "throughput" : 13.489675210127634,
    "receivedKBytesPerSec" : 6.494540897063401,
    "sentKBytesPerSec" : 3.3460717806371276
  },
  "CartPage" : {
    "transaction" : "CartPage",
    "sampleCount" : 260,
    "errorCount" : 0,
    "errorPct" : 0.0,
    "meanResTime" : 12.8576923076923,
    "medianResTime" : 11.0,
    "minResTime" : 9.0,
    "maxResTime" : 43.0,
    "pct1ResTime" : 15.0,
    "pct2ResTime" : 36.94999999999999,
    "pct3ResTime" : 41.389999999999986,
    "throughput" : 13.482679941920763,
    "receivedKBytesPerSec" : 120.06948360687618,
    "sentKBytesPerSec" : 2.4885024502177973
  },
  "Checkout" : {
    "transaction" : "Checkout",
    "sampleCount" : 260,
    "errorCount" : 260,
    "errorPct" : 100.0,
    "meanResTime" : 75.15769230769232,
    "medianResTime" : 75.0,
    "minResTime" : 68.0,
    "maxResTime" : 102.0,
    "pct1ResTime" : 78.0,
    "pct2ResTime" : 79.0,
    "pct3ResTime" : 85.38999999999999,
    "throughput" : 13.462434629524155,
    "receivedKBytesPerSec" : 13.002292820897841,
    "sentKBytesPerSec" : 5.8766682415989235
  },
  "Total" : {
    "transaction" : "Total",
    "sampleCount" : 2080,
    "errorCount" : 780,
    "errorPct" : 37.5,
    "meanResTime" : 27.1216346153846,
    "medianResTime" : 16.0,
    "minResTime" : 9.0,
    "maxResTime" : 639.0,
    "pct1ResTime" : 40.0,
    "pct2ResTime" : 46.0,
    "pct3ResTime" : 73.19000000000005,
    "throughput" : 103.4980345325173,
    "receivedKBytesPerSec" : 597.4540082164004,
    "sentKBytesPerSec" : 21.136744601184255
  },
  "Open Checkout Page" : {
    "transaction" : "Open Checkout Page",
    "sampleCount" : 260,
    "errorCount" : 260,
    "errorPct" : 100.0,
    "meanResTime" : 37.723076923076924,
    "medianResTime" : 37.0,
    "minResTime" : 34.0,
    "maxResTime" : 50.0,
    "pct1ResTime" : 40.0,
    "pct2ResTime" : 41.0,
    "pct3ResTime" : 46.16999999999996,
    "throughput" : 13.487575867614254,
    "receivedKBytesPerSec" : 6.533044560875655,
    "sentKBytesPerSec" : 2.54209193598589
  },
  "View Cart" : {
    "transaction" : "View Cart",
    "sampleCount" : 260,
    "errorCount" : 0,
    "errorPct" : 0.0,
    "meanResTime" : 13.126923076923074,
    "medianResTime" : 11.0,
    "minResTime" : 9.0,
    "maxResTime" : 43.0,
    "pct1ResTime" : 14.900000000000006,
    "pct2ResTime" : 37.94999999999999,
    "pct3ResTime" : 41.389999999999986,
    "throughput" : 13.486176668914363,
    "receivedKBytesPerSec" : 111.68483194149074,
    "sentKBytesPerSec" : 2.489147842211733
  },
  "Cart" : {
    "transaction" : "Cart",
    "sampleCount" : 260,
    "errorCount" : 0,
    "errorPct" : 0.0,
    "meanResTime" : 40.86153846153848,
    "medianResTime" : 34.0,
    "minResTime" : 28.0,
    "maxResTime" : 128.0,
    "pct1ResTime" : 63.0,
    "pct2ResTime" : 90.94999999999999,
    "pct3ResTime" : 121.38999999999999,
    "throughput" : 13.446421183285064,
    "receivedKBytesPerSec" : 318.2971024740122,
    "sentKBytesPerSec" : 7.537349374224245
  }
}