{
  "Open Product Page" : {
    "transaction" : "Open Product Page",
    "sampleCount" : 260,
    "errorCount" : 0,
    "errorPct" : 0.0,
    "meanResTime" : 36.088461538461544,
    "medianResTime" : 36.0,
    "minResTime" : 22.0,
    "maxResTime" : 61.0,
    "pct1ResTime" : 43.0,
    "pct2ResTime" : 45.0,
    "pct3ResTime" : 54.77999999999997,
    "throughput" : 13.290395133670705,
    "receivedKBytesPerSec" : 261.480437400961,
    "sentKBytesPerSec" : 2.5438646935541587
  },
  "Homepage" : {
    "transaction" : "Homepage",
    "sampleCount" : 260,
    "errorCount" : 0,
    "errorPct" : 0.0,
    "meanResTime" : 99.08461538461542,
    "medianResTime" : 108.5,
    "minResTime" : 23.0,
    "maxResTime" : 655.0,
    "pct1ResTime" : 143.0,
    "pct2ResTime" : 148.95,
    "pct3ResTime" : 642.0,
    "throughput" : 12.80851273461747,
    "receivedKBytesPerSec" : 187.06018846371742,
    "sentKBytesPerSec" : 2.251496379131977
  },
  "Send Message" : {
    "transaction" : "Send Message",
    "sampleCount" : 260,
    "errorCount" : 260,
    "errorPct" : 100.0,
    "meanResTime" : 29.396153846153855,
    "medianResTime" : 29.0,
    "minResTime" : 23.0,
    "maxResTime" : 39.0,
    "pct1ResTime" : 33.0,
    "pct2ResTime" : 33.94999999999999,
    "pct3ResTime" : 37.0,
    "throughput" : 13.280212483399735,
    "receivedKBytesPerSec" : 6.432602921646747,
    "sentKBytesPerSec" : 3.6702149734395753
  },
  "Open Contact Page" : {
    "transaction" : "Open Contact Page",
    "sampleCount" : 260,
    "errorCount" : 0,
    "errorPct" : 0.0,
    "meanResTime" : 35.411538461538484,
    "medianResTime" : 35.5,
    "minResTime" : 23.0,
    "maxResTime" : 50.0,
    "pct1ResTime" : 41.0,
    "pct2ResTime" : 43.0,
    "pct3ResTime" : 46.77999999999997,
    "throughput" : 13.276143790849673,
    "receivedKBytesPerSec" : 286.3223007301879,
    "sentKBytesPerSec" : 2.450382008272059
  },
  "Open Homepage" : {
    "transaction" : "Open Homepage",
    "sampleCount" : 260,
    "errorCount" : 0,
    "errorPct" : 0.0,
    "meanResTime" : 99.08076923076925,
    "medianResTime" : 108.5,
    "minResTime" : 23.0,
    "maxResTime" : 655.0,
    "pct1ResTime" : 143.0,
    "pct2ResTime" : 148.95,
    "pct3ResTime" : 642.0,
    "throughput" : 12.888514350865018,
    "receivedKBytesPerSec" : 188.22856122663958,
    "sentKBytesPerSec" : 2.2655591632379917
  },
  "Contact" : {
    "transaction" : "Contact",
    "sampleCount" : 260,
    "errorCount" : 260,
    "errorPct" : 100.0,
    "meanResTime" : 64.80769230769238,
    "medianResTime" : 65.0,
    "minResTime" : 47.0,
    "maxResTime" : 79.0,
    "pct1ResTime" : 73.0,
    "pct2ResTime" : 75.94999999999999,
    "pct3ResTime" : 78.38999999999999,
    "throughput" : 13.254486133768351,
    "receivedKBytesPerSec" : 292.2753587632545,
    "sentKBytesPerSec" : 6.10948970228385
  },
  "Submit Order" : {
    "transaction" : "Submit Order",
    "sampleCount" : 260,
    "errorCount" : 260,
    "errorPct" : 100.0,
    "meanResTime" : 29.573076923076915,
    "medianResTime" : 30.0,
    "minResTime" : 23.0,
    "maxResTime" : 38.0,
    "pct1ResTime" : 33.0,
    "pct2ResTime" : 34.0,
    "pct3ResTime" : 37.0,
    "throughput" : 13.283604966024626,
    "receivedKBytesPerSec" : 6.3957284907781125,
    "sentKBytesPerSec" : 3.2949567005568894
  },
  "CartPage" : {
    "transaction" : "CartPage",
    "sampleCount" : 260,
    "errorCount" : 0,
    "errorPct" : 0.0,
    "meanResTime" : 36.234615384615374,
    "medianResTime" : 36.0,
    "minResTime" : 24.0,
    "maxResTime" : 95.0,
    "pct1ResTime" : 42.0,
    "pct2ResTime" : 44.0,
    "pct3ResTime" : 59.28999999999985,
    "throughput" : 13.290395133670705,
    "receivedKBytesPerSec" : 289.4237128124521,
    "sentKBytesPerSec" : 2.4530123830700816
  },
  "Checkout" : {
    "transaction" : "Checkout",
    "sampleCount" : 260,
    "errorCount" : 260,
    "errorPct" : 100.0,
    "meanResTime" : 59.16153846153847,
    "medianResTime" : 59.0,
    "minResTime" : 46.0,
    "maxResTime" : 111.0,
    "pct1ResTime" : 66.0,
    "pct2ResTime" : 67.0,
    "pct3ResTime" : 69.0,
    "throughput" : 13.26530612244898,
    "receivedKBytesPerSec" : 12.812300701530612,
    "sentKBytesPerSec" : 5.790617028061224
  },
  "Total" : {
    "transaction" : "Total",
    "sampleCount" : 2080,
    "errorCount" : 780,
    "errorPct" : 37.5,
    "meanResTime" : 41.304807692307776,
    "medianResTime" : 33.0,
    "minResTime" : 22.0,
    "maxResTime" : 655.0,
    "pct1ResTime" : 44.0,
    "pct2ResTime" : 116.94999999999982,
    "pct3ResTime" : 145.0,
    "throughput" : 101.80109631949882,
    "receivedKBytesPerSec" : 1273.4222053641347,
    "sentKBytesPerSec" : 20.790189714663274
  },
  "Open Checkout Page" : {
    "transaction" : "Open Checkout Page",
    "sampleCount" : 260,
    "errorCount" : 260,
    "errorPct" : 100.0,
    "meanResTime" : 29.588461538461534,
    "medianResTime" : 29.0,
    "minResTime" : 23.0,
    "maxResTime" : 78.0,
    "pct1ResTime" : 33.0,
    "pct2ResTime" : 34.0,
    "pct3ResTime" : 36.0,
    "throughput" : 13.286320200316828,
    "receivedKBytesPerSec" : 6.435561347028464,
    "sentKBytesPerSec" : 2.504159959630027
  },
  "View Cart" : {
    "transaction" : "View Cart",
    "sampleCount" : 260,
    "errorCount" : 0,
    "errorPct" : 0.0,
    "meanResTime" : 35.065384615384616,
    "medianResTime" : 35.0,
    "minResTime" : 22.0,
    "maxResTime" : 60.0,
    "pct1ResTime" : 41.0,
    "pct2ResTime" : 42.0,
    "pct3ResTime" : 44.0,
    "throughput" : 13.287678233760925,
    "receivedKBytesPerSec" : 279.0256714110492,
    "sentKBytesPerSec" : 2.452510924004702
  },
  "Cart" : {
    "transaction" : "Cart",
    "sampleCount" : 260,
    "errorCount" : 0,
    "errorPct" : 0.0,
    "meanResTime" : 107.38846153846157,
    "medianResTime" : 107.5,
    "minResTime" : 77.0,
    "maxResTime" : 151.0,
    "pct1ResTime" : 123.0,
    "pct2ResTime" : 127.0,
    "pct3ResTime" : 139.55999999999995,
    "throughput" : 13.235593565465283,
    "receivedKBytesPerSec" : 826.5645084058747,
    "sentKBytesPerSec" : 7.419170611891673
  }
}