{
  "Open Product Page" : {
    "transaction" : "Open Product Page",
    "sampleCount" : 260,
    "errorCount" : 0,
    "errorPct" : 0.0,
    "meanResTime" : 26.442307692307693,
    "medianResTime" : 23.0,
    "minResTime" : 22.0,
    "maxResTime" : 75.0,
    "pct1ResTime" : 25.0,
    "pct2ResTime" : 68.0,
    "pct3ResTime" : 71.38999999999999,
    "throughput" : 13.29991303903013,
    "receivedKBytesPerSec" : 72.20667857051512,
    "sentKBytesPerSec" : 2.545686480126861
  },
  "Homepage" : {
    "transaction" : "Homepage",
    "sampleCount" : 260,
    "errorCount" : 0,
    "errorPct" : 0.0,
    "meanResTime" : 71.06923076923074,
    "medianResTime" : 78.0,
    "minResTime" : 22.0,
    "maxResTime" : 603.0,
    "pct1ResTime" : 85.9,
    "pct2ResTime" : 97.0,
    "pct3ResTime" : 600.17,
    "throughput" : 12.83253541286215,
    "receivedKBytesPerSec" : 64.065700421993,
    "sentKBytesPerSec" : 2.2557191155421745
  },
  "Send Message" : {
    "transaction" : "Send Message",
    "sampleCount" : 260,
    "errorCount" : 260,
    "errorPct" : 100.0,
    "meanResTime" : 66.2615384615385,
    "medianResTime" : 66.0,
    "minResTime" : 61.0,
    "maxResTime" : 117.0,
    "pct1ResTime" : 69.0,
    "pct2ResTime" : 69.0,
    "pct3ResTime" : 80.94999999999993,
    "throughput" : 13.333333333333334,
    "receivedKBytesPerSec" : 6.458533653846154,
    "sentKBytesPerSec" : 3.6848958333333335
  },
  "Open Contact Page" : {
    "transaction" : "Open Contact Page",
    "sampleCount" : 260,
    "errorCount" : 0,
    "errorPct" : 0.0,
    "meanResTime" : 24.457692307692316,
    "medianResTime" : 23.0,
    "minResTime" : 22.0,
    "maxResTime" : 198.0,
    "pct1ResTime" : 24.0,
    "pct2ResTime" : 25.0,
    "pct3ResTime" : 67.77999999999997,
    "throughput" : 13.361426589238912,
    "receivedKBytesPerSec" : 76.8759294381777,
    "sentKBytesPerSec" : 2.4661226810216355
  },
  "Open Homepage" : {
    "transaction" : "Open Homepage",
    "sampleCount" : 260,
    "errorCount" : 0,
    "errorPct" : 0.0,
    "meanResTime" : 71.06923076923074,
    "medianResTime" : 78.0,
    "minResTime" : 22.0,
    "maxResTime" : 603.0,
    "pct1ResTime" : 85.9,
    "pct2ResTime" : 97.0,
    "pct3ResTime" : 600.17,
    "throughput" : 12.91347968610311,
    "receivedKBytesPerSec" : 64.46981008493096,
    "sentKBytesPerSec" : 2.269947601072812
  },
  "Contact" : {
    "transaction" : "Contact",
    "sampleCount" : 260,
    "errorCount" : 260,
    "errorPct" : 100.0,
    "meanResTime" : 90.71923076923073,
    "medianResTime" : 89.0,
    "minResTime" : 83.0,
    "maxResTime" : 265.0,
    "pct1ResTime" : 93.0,
    "pct2ResTime" : 93.0,
    "pct3ResTime" : 136.94999999999993,
    "throughput" : 13.316261203585146,
    "receivedKBytesPerSec" : 83.06633122599233,
    "sentKBytesPerSec" : 6.137964148527529
  },
  "Submit Order" : {
    "transaction" : "Submit Order",
    "sampleCount" : 260,
    "errorCount" : 260,
    "errorPct" : 100.0,
    "meanResTime" : 66.05000000000001,
    "medianResTime" : 66.0,
    "minResTime" : 61.0,
    "maxResTime" : 81.0,
    "pct1ResTime" : 69.0,
    "pct2ResTime" : 69.0,
    "pct3ResTime" : 71.38999999999999,
    "throughput" : 13.33128236681536,
    "receivedKBytesPerSec" : 6.418283405117162,
    "sentKBytesPerSec" : 3.306782930831154
  },
  "CartPage" : {
    "transaction" : "CartPage",
    "sampleCount" : 260,
    "errorCount" : 0,
    "errorPct" : 0.0,
    "meanResTime" : 25.400000000000006,
    "medianResTime" : 23.0,
    "minResTime" : 22.0,
    "maxResTime" : 73.0,
    "pct1ResTime" : 24.0,
    "pct2ResTime" : 26.0,
    "pct3ResTime" : 72.0,
    "throughput" : 13.329232031169896,
    "receivedKBytesPerSec" : 76.60303240028709,
    "sentKBytesPerSec" : 2.4601805213780374
  },
  "Checkout" : {
    "transaction" : "Checkout",
    "sampleCount" : 260,
    "errorCount" : 260,
    "errorPct" : 100.0,
    "meanResTime" : 131.93846153846147,
    "medianResTime" : 132.0,
    "minResTime" : 126.0,
    "maxResTime" : 149.0,
    "pct1ResTime" : 135.9,
    "pct2ResTime" : 137.0,
    "pct3ResTime" : 139.0,
    "throughput" : 13.286999182338512,
    "receivedKBytesPerSec" : 12.83305332686018,
    "sentKBytesPerSec" : 5.8000865571340965
  },
  "Total" : {
    "transaction" : "Total",
    "sampleCount" : 2080,
    "errorCount" : 780,
    "errorPct" : 37.5,
    "meanResTime" : 46.18605769230772,
    "medianResTime" : 25.0,
    "minResTime" : 22.0,
    "maxResTime" : 603.0,
    "pct1ResTime" : 69.0,
    "pct2ResTime" : 79.0,
    "pct3ResTime" : 92.38000000000011,
    "throughput" : 101.81106216348506,
    "receivedKBytesPerSec" : 370.62984696218797,
    "sentKBytesPerSec" : 20.79222497552619
  },
  "Open Checkout Page" : {
    "transaction" : "Open Checkout Page",
    "sampleCount" : 260,
    "errorCount" : 260,
    "errorPct" : 100.0,
    "meanResTime" : 65.88846153846148,
    "medianResTime" : 66.0,
    "minResTime" : 61.0,
    "maxResTime" : 71.0,
    "pct1ResTime" : 68.0,
    "pct2ResTime" : 69.0,
    "pct3ResTime" : 70.0,
    "throughput" : 13.333333333333334,
    "receivedKBytesPerSec" : 6.458533653846154,
    "sentKBytesPerSec" : 2.5130208333333335
  },
  "View Cart" : {
    "transaction" : "View Cart",
    "sampleCount" : 260,
    "errorCount" : 0,
    "errorPct" : 0.0,
    "meanResTime" : 23.919230769230772,
    "medianResTime" : 23.0,
    "minResTime" : 22.0,
    "maxResTime" : 67.0,
    "pct1ResTime" : 24.0,
    "pct2ResTime" : 25.0,
    "pct3ResTime" : 65.77999999999997,
    "throughput" : 13.360739979445015,
    "receivedKBytesPerSec" : 76.83238453879753,
    "sentKBytesPerSec" : 2.46599595323741
  },
  "Cart" : {
    "transaction" : "Cart",
    "sampleCount" : 260,
    "errorCount" : 0,
    "errorPct" : 0.0,
    "meanResTime" : 75.76153846153842,
    "medianResTime" : 70.0,
    "minResTime" : 67.0,
    "maxResTime" : 203.0,
    "pct1ResTime" : 73.0,
    "pct2ResTime" : 117.84999999999997,
    "pct3ResTime" : 168.77999999999997,
    "throughput" : 13.265982958314199,
    "receivedKBytesPerSec" : 224.54948275422214,
    "sentKBytesPerSec" : 7.43620529108628
  }
}