{
  "Open Product Page" : {
    "transaction" : "Open Product Page",
    "sampleCount" : 260,
    "errorCount" : 0,
    "errorPct" : 0.0,
    "meanResTime" : 26.661538461538477,
    "medianResTime" : 23.0,
    "minResTime" : 22.0,
    "maxResTime" : 72.0,
    "pct1ResTime" : 25.0,
    "pct2ResTime" : 66.94999999999999,
    "pct3ResTime" : 71.0,
    "throughput" : 13.257865483657131,
    "receivedKBytesPerSec" : 71.94279318685942,
    "sentKBytesPerSec" : 2.5376383152312476
  },
  "Homepage" : {
    "transaction" : "Homepage",
    "sampleCount" : 260,
    "errorCount" : 0,
    "errorPct" : 0.0,
    "meanResTime" : 73.01923076923076,
    "medianResTime" : 77.0,
    "minResTime" : 22.0,
    "maxResTime" : 680.0,
    "pct1ResTime" : 85.0,
    "pct2ResTime" : 120.0,
    "pct3ResTime" : 673.39,
    "throughput" : 12.779552715654951,
    "receivedKBytesPerSec" : 63.80771534775129,
    "sentKBytesPerSec" : 2.246405750798722
  },
  "Send Message" : {
    "transaction" : "Send Message",
    "sampleCount" : 260,
    "errorCount" : 260,
    "errorPct" : 100.0,
    "meanResTime" : 65.66153846153847,
    "medianResTime" : 65.0,
    "minResTime" : 61.0,
    "maxResTime" : 86.0,
    "pct1ResTime" : 68.0,
    "pct2ResTime" : 69.0,
    "pct3ResTime" : 70.77999999999997,
    "throughput" : 13.288357354594705,
    "receivedKBytesPerSec" : 6.436548093631811,
    "sentKBytesPerSec" : 3.672465948584279
  },
  "Open Contact Page" : {
    "transaction" : "Open Contact Page",
    "sampleCount" : 260,
    "errorCount" : 0,
    "errorPct" : 0.0,
    "meanResTime" : 23.749999999999996,
    "medianResTime" : 23.0,
    "minResTime" : 22.0,
    "maxResTime" : 69.0,
    "pct1ResTime" : 24.0,
    "pct2ResTime" : 24.0,
    "pct3ResTime" : 66.38999999999999,
    "throughput" : 13.318307550455895,
    "receivedKBytesPerSec" : 76.5567072565567,
    "sentKBytesPerSec" : 2.4581641865587542
  },
  "Open Homepage" : {
    "transaction" : "Open Homepage",
    "sampleCount" : 260,
    "errorCount" : 0,
    "errorPct" : 0.0,
    "meanResTime" : 73.01923076923076,
    "medianResTime" : 77.0,
    "minResTime" : 22.0,
    "maxResTime" : 680.0,
    "pct1ResTime" : 85.0,
    "pct2ResTime" : 120.0,
    "pct3ResTime" : 673.39,
    "throughput" : 12.855377008652658,
    "receivedKBytesPerSec" : 64.18630253399257,
    "sentKBytesPerSec" : 2.2597342398022247
  },
  "Contact" : {
    "transaction" : "Contact",
    "sampleCount" : 260,
    "errorCount" : 260,
    "errorPct" : 100.0,
    "meanResTime" : 89.41153846153843,
    "medianResTime" : 88.0,
    "minResTime" : 84.0,
    "maxResTime" : 137.0,
    "pct1ResTime" : 91.0,
    "pct2ResTime" : 92.0,
    "pct3ResTime" : 131.39,
    "throughput" : 13.272077590607452,
    "receivedKBytesPerSec" : 82.71962935490046,
    "sentKBytesPerSec" : 6.117598264420622
  },
  "Submit Order" : {
    "transaction" : "Submit Order",
    "sampleCount" : 260,
    "errorCount" : 260,
    "errorPct" : 100.0,
    "meanResTime" : 65.95384615384616,
    "medianResTime" : 65.0,
    "minResTime" : 61.0,
    "maxResTime" : 118.0,
    "pct1ResTime" : 68.0,
    "pct2ResTime" : 69.0,
    "pct3ResTime" : 81.5799999999997,
    "throughput" : 13.285641287685232,
    "receivedKBytesPerSec" : 6.3965093254982115,
    "sentKBytesPerSec" : 3.295461803781298
  },
  "CartPage" : {
    "transaction" : "CartPage",
    "sampleCount" : 260,
    "errorCount" : 0,
    "errorPct" : 0.0,
    "meanResTime" : 25.31153846153845,
    "medianResTime" : 23.0,
    "minResTime" : 22.0,
    "maxResTime" : 72.0,
    "pct1ResTime" : 24.0,
    "pct2ResTime" : 62.999999999999545,
    "pct3ResTime" : 70.38999999999999,
    "throughput" : 13.285641287685232,
    "receivedKBytesPerSec" : 76.49707979368932,
    "sentKBytesPerSec" : 2.4521349642309658
  },
  "Checkout" : {
    "transaction" : "Checkout",
    "sampleCount" : 260,
    "errorCount" : 260,
    "errorPct" : 100.0,
    "meanResTime" : 131.72307692307692,
    "medianResTime" : 131.0,
    "minResTime" : 125.0,
    "maxResTime" : 183.0,
    "pct1ResTime" : 135.0,
    "pct2ResTime" : 136.95,
    "pct3ResTime" : 158.50999999999988,
    "throughput" : 13.23963743762094,
    "receivedKBytesPerSec" : 12.787508593033913,
    "sentKBytesPerSec" : 5.7794120455239835
  },
  "Total" : {
    "transaction" : "Total",
    "sampleCount" : 2080,
    "errorCount" : 780,
    "errorPct" : 37.5,
    "meanResTime" : 46.212980769230825,
    "medianResTime" : 24.0,
    "minResTime" : 22.0,
    "maxResTime" : 680.0,
    "pct1ResTime" : 69.0,
    "pct2ResTime" : 78.0,
    "pct3ResTime" : 92.57000000000016,
    "throughput" : 101.152555560959,
    "receivedKBytesPerSec" : 368.3456215350387,
    "sentKBytesPerSec" : 20.657742364927298
  },
  "Open Checkout Page" : {
    "transaction" : "Open Checkout Page",
    "sampleCount" : 260,
    "errorCount" : 260,
    "errorPct" : 100.0,
    "meanResTime" : 65.76923076923076,
    "medianResTime" : 65.0,
    "minResTime" : 61.0,
    "maxResTime" : 92.0,
    "pct1ResTime" : 68.0,
    "pct2ResTime" : 69.0,
    "pct3ResTime" : 73.11999999999989,
    "throughput" : 13.286999182338512,
    "receivedKBytesPerSec" : 6.43608985333197,
    "sentKBytesPerSec" : 2.504287931827473
  },
  "View Cart" : {
    "transaction" : "View Cart",
    "sampleCount" : 260,
    "errorCount" : 0,
    "errorPct" : 0.0,
    "meanResTime" : 23.576923076923084,
    "medianResTime" : 23.0,
    "minResTime" : 22.0,
    "maxResTime" : 68.0,
    "pct1ResTime" : 24.0,
    "pct2ResTime" : 25.0,
    "pct3ResTime" : 46.86999999999955,
    "throughput" : 13.315579227696404,
    "receivedKBytesPerSec" : 76.64685267399877,
    "sentKBytesPerSec" : 2.457660619174434
  },
  "Cart" : {
    "transaction" : "Cart",
    "sampleCount" : 260,
    "errorCount" : 0,
    "errorPct" : 0.0,
    "meanResTime" : 75.55000000000004,
    "medianResTime" : 69.0,
    "minResTime" : 66.0,
    "maxResTime" : 205.0,
    "pct1ResTime" : 73.0,
    "pct2ResTime" : 116.89999999999998,
    "pct3ResTime" : 181.0399999999995,
    "throughput" : 13.226840311339473,
    "receivedKBytesPerSec" : 224.069004123849,
    "sentKBytesPerSec" : 7.414264002645368
  }
}