{
  "Open Product Page" : {
    "transaction" : "Open Product Page",
    "sampleCount" : 260,
    "errorCount" : 0,
    "errorPct" : 0.0,
    "meanResTime" : 23.634615384615387,
    "medianResTime" : 21.0,
    "minResTime" : 17.0,
    "maxResTime" : 73.0,
    "pct1ResTime" : 23.900000000000006,
    "pct2ResTime" : 64.0,
    "pct3ResTime" : 70.38999999999999,
    "throughput" : 13.221459445715738,
    "receivedKBytesPerSec" : 71.81188223048564,
    "sentKBytesPerSec" : 2.530669972031528
  },
  "Homepage" : {
    "transaction" : "Homepage",
    "sampleCount" : 260,
    "errorCount" : 0,
    "errorPct" : 0.0,
    "meanResTime" : 59.215384615384586,
    "medianResTime" : 61.0,
    "minResTime" : 18.0,
    "maxResTime" : 541.0,
    "pct1ResTime" : 71.0,
    "pct2ResTime" : 102.19999999999982,
    "pct3ResTime" : 536.9499999999999,
    "throughput" : 12.792127921279214,
    "receivedKBytesPerSec" : 63.85070725707257,
    "sentKBytesPerSec" : 2.248616236162362
  },
  "Send Message" : {
    "transaction" : "Send Message",
    "sampleCount" : 260,
    "errorCount" : 260,
    "errorPct" : 100.0,
    "meanResTime" : 62.66923076923082,
    "medianResTime" : 62.0,
    "minResTime" : 56.0,
    "maxResTime" : 74.0,
    "pct1ResTime" : 65.0,
    "pct2ResTime" : 66.94999999999999,
    "pct3ResTime" : 71.38999999999999,
    "throughput" : 13.22953238691294,
    "receivedKBytesPerSec" : 6.4080547499109555,
    "sentKBytesPerSec" : 3.656208657711291
  },
  "Open Contact Page" : {
    "transaction" : "Open Contact Page",
    "sampleCount" : 260,
    "errorCount" : 0,
    "errorPct" : 0.0,
    "meanResTime" : 21.569230769230774,
    "medianResTime" : 20.0,
    "minResTime" : 17.0,
    "maxResTime" : 68.0,
    "pct1ResTime" : 22.0,
    "pct2ResTime" : 23.0,
    "pct3ResTime" : 64.38999999999999,
    "throughput" : 13.257865483657131,
    "receivedKBytesPerSec" : 76.20787799258069,
    "sentKBytesPerSec" : 2.4470083754015604
  },
  "Open Homepage" : {
    "transaction" : "Open Homepage",
    "sampleCount" : 260,
    "errorCount" : 0,
    "errorPct" : 0.0,
    "meanResTime" : 59.215384615384586,
    "medianResTime" : 61.0,
    "minResTime" : 18.0,
    "maxResTime" : 541.0,
    "pct1ResTime" : 71.0,
    "pct2ResTime" : 102.19999999999982,
    "pct3ResTime" : 536.9499999999999,
    "throughput" : 12.877024416819374,
    "receivedKBytesPerSec" : 64.27446015551483,
    "sentKBytesPerSec" : 2.263539448269031
  },
  "Contact" : {
    "transaction" : "Contact",
    "sampleCount" : 260,
    "errorCount" : 260,
    "errorPct" : 100.0,
    "meanResTime" : 84.23846153846155,
    "medianResTime" : 83.0,
    "minResTime" : 75.0,
    "maxResTime" : 132.0,
    "pct1ResTime" : 87.0,
    "pct2ResTime" : 89.0,
    "pct3ResTime" : 129.77999999999997,
    "throughput" : 13.216082956336097,
    "receivedKBytesPerSec" : 82.36924695331166,
    "sentKBytesPerSec" : 6.09178823768617
  },
  "Submit Order" : {
    "transaction" : "Submit Order",
    "sampleCount" : 260,
    "errorCount" : 260,
    "errorPct" : 100.0,
    "meanResTime" : 62.52692307692307,
    "medianResTime" : 62.0,
    "minResTime" : 56.0,
    "maxResTime" : 73.0,
    "pct1ResTime" : 66.0,
    "pct2ResTime" : 66.0,
    "pct3ResTime" : 69.77999999999997,
    "throughput" : 13.22616746362804,
    "receivedKBytesPerSec" : 6.367676327703734,
    "sentKBytesPerSec" : 3.280709507579611
  },
  "CartPage" : {
    "transaction" : "CartPage",
    "sampleCount" : 260,
    "errorCount" : 0,
    "errorPct" : 0.0,
    "meanResTime" : 21.69230769230768,
    "medianResTime" : 20.0,
    "minResTime" : 18.0,
    "maxResTime" : 67.0,
    "pct1ResTime" : 23.0,
    "pct2ResTime" : 24.0,
    "pct3ResTime" : 65.0,
    "throughput" : 13.25178389398573,
    "receivedKBytesPerSec" : 76.15485235091742,
    "sentKBytesPerSec" : 2.445885894495413
  },
  "Checkout" : {
    "transaction" : "Checkout",
    "sampleCount" : 260,
    "errorCount" : 260,
    "errorPct" : 100.0,
    "meanResTime" : 125.24230769230773,
    "medianResTime" : 125.0,
    "minResTime" : 117.0,
    "maxResTime" : 152.0,
    "pct1ResTime" : 129.0,
    "pct2ResTime" : 130.0,
    "pct3ResTime" : 134.77999999999997,
    "throughput" : 13.183247135178988,
    "receivedKBytesPerSec" : 12.732845933475305,
    "sentKBytesPerSec" : 5.754796356860359
  },
  "Total" : {
    "transaction" : "Total",
    "sampleCount" : 2080,
    "errorCount" : 780,
    "errorPct" : 37.5,
    "meanResTime" : 42.0418269230769,
    "medianResTime" : 23.0,
    "minResTime" : 17.0,
    "maxResTime" : 541.0,
    "pct1ResTime" : 65.0,
    "pct2ResTime" : 66.0,
    "pct3ResTime" : 74.19000000000005,
    "throughput" : 101.45351673007512,
    "receivedKBytesPerSec" : 369.22945970210225,
    "sentKBytesPerSec" : 20.719205748219686
  },
  "Open Checkout Page" : {
    "transaction" : "Open Checkout Page",
    "sampleCount" : 260,
    "errorCount" : 260,
    "errorPct" : 100.0,
    "meanResTime" : 62.71538461538461,
    "medianResTime" : 62.5,
    "minResTime" : 57.0,
    "maxResTime" : 79.0,
    "pct1ResTime" : 65.9,
    "pct2ResTime" : 66.94999999999999,
    "pct3ResTime" : 68.77999999999997,
    "throughput" : 13.223476757196623,
    "receivedKBytesPerSec" : 6.40532022429051,
    "sentKBytesPerSec" : 2.492315443495067
  },
  "View Cart" : {
    "transaction" : "View Cart",
    "sampleCount" : 260,
    "errorCount" : 0,
    "errorPct" : 0.0,
    "meanResTime" : 22.311538461538454,
    "medianResTime" : 20.0,
    "minResTime" : 18.0,
    "maxResTime" : 66.0,
    "pct1ResTime" : 23.0,
    "pct2ResTime" : 26.899999999999977,
    "pct3ResTime" : 64.38999999999999,
    "throughput" : 13.226840311339473,
    "receivedKBytesPerSec" : 76.01722072607723,
    "sentKBytesPerSec" : 2.4412820496515235
  },
  "Cart" : {
    "transaction" : "Cart",
    "sampleCount" : 260,
    "errorCount" : 0,
    "errorPct" : 0.0,
    "meanResTime" : 67.6384615384616,
    "medianResTime" : 62.0,
    "minResTime" : 54.0,
    "maxResTime" : 199.0,
    "pct1ResTime" : 69.9,
    "pct2ResTime" : 110.0,
    "pct3ResTime" : 170.74999999999966,
    "throughput" : 13.16522355562307,
    "receivedKBytesPerSec" : 222.82694693402198,
    "sentKBytesPerSec" : 7.379724922780901
  }
}