{
  "Open Product Page" : {
    "transaction" : "Open Product Page",
    "sampleCount" : 260,
    "errorCount" : 0,
    "errorPct" : 0.0,
    "meanResTime" : 18.830769230769224,
    "medianResTime" : 18.0,
    "minResTime" : 13.0,
    "maxResTime" : 51.0,
    "pct1ResTime" : 22.0,
    "pct2ResTime" : 24.94999999999999,
    "pct3ResTime" : 47.94999999999993,
    "throughput" : 13.440165417420522,
    "receivedKBytesPerSec" : 261.91108409795817,
    "sentKBytesPerSec" : 2.572531661928147
  },
  "Homepage" : {
    "transaction" : "Homepage",
    "sampleCount" : 260,
    "errorCount" : 0,
    "errorPct" : 0.0,
    "meanResTime" : 53.09230769230768,
    "medianResTime" : 49.0,
    "minResTime" : 14.0,
    "maxResTime" : 618.0,
    "pct1ResTime" : 68.0,
    "pct2ResTime" : 82.94999999999999,
    "pct3ResTime" : 599.1199999999999,
    "throughput" : 12.963055292416612,
    "receivedKBytesPerSec" : 179.9604525539712,
    "sentKBytesPerSec" : 2.278662063120108
  },
  "Send Message" : {
    "transaction" : "Send Message",
    "sampleCount" : 260,
    "errorCount" : 260,
    "errorPct" : 100.0,
    "meanResTime" : 17.48461538461538,
    "medianResTime" : 17.0,
    "minResTime" : 15.0,
    "maxResTime" : 27.0,
    "pct1ResTime" : 19.0,
    "pct2ResTime" : 20.0,
    "pct3ResTime" : 24.389999999999986,
    "throughput" : 13.470804621522202,
    "receivedKBytesPerSec" : 6.524920988549817,
    "sentKBytesPerSec" : 3.7228883866120928
  },
  "Open Contact Page" : {
    "transaction" : "Open Contact Page",
    "sampleCount" : 260,
    "errorCount" : 0,
    "errorPct" : 0.0,
    "meanResTime" : 17.76538461538462,
    "medianResTime" : 17.0,
    "minResTime" : 13.0,
    "maxResTime" : 108.0,
    "pct1ResTime" : 21.0,
    "pct2ResTime" : 22.0,
    "pct3ResTime" : 23.0,
    "throughput" : 13.47010672469174,
    "receivedKBytesPerSec" : 287.66226459693297,
    "sentKBytesPerSec" : 2.4861818075847064
  },
  "Open Homepage" : {
    "transaction" : "Open Homepage",
    "sampleCount" : 260,
    "errorCount" : 0,
    "errorPct" : 0.0,
    "meanResTime" : 53.09230769230768,
    "medianResTime" : 49.0,
    "minResTime" : 14.0,
    "maxResTime" : 618.0,
    "pct1ResTime" : 68.0,
    "pct2ResTime" : 82.94999999999999,
    "pct3ResTime" : 599.1199999999999,
    "throughput" : 13.03715589429875,
    "receivedKBytesPerSec" : 180.98915894674823,
    "sentKBytesPerSec" : 2.291687559544702
  },
  "Contact" : {
    "transaction" : "Contact",
    "sampleCount" : 260,
    "errorCount" : 260,
    "errorPct" : 100.0,
    "meanResTime" : 35.25000000000001,
    "medianResTime" : 35.0,
    "minResTime" : 29.0,
    "maxResTime" : 124.0,
    "pct1ResTime" : 39.0,
    "pct2ResTime" : 40.0,
    "pct3ResTime" : 43.389999999999986,
    "throughput" : 13.458253532791552,
    "receivedKBytesPerSec" : 293.92797407992134,
    "sentKBytesPerSec" : 6.203413737771107
  },
  "Submit Order" : {
    "transaction" : "Submit Order",
    "sampleCount" : 260,
    "errorCount" : 260,
    "errorPct" : 100.0,
    "meanResTime" : 17.769230769230763,
    "medianResTime" : 17.0,
    "minResTime" : 16.0,
    "maxResTime" : 43.0,
    "pct1ResTime" : 19.0,
    "pct2ResTime" : 20.0,
    "pct3ResTime" : 23.389999999999986,
    "throughput" : 13.466618324959859,
    "receivedKBytesPerSec" : 6.483440267778526,
    "sentKBytesPerSec" : 3.340352592324028
  },
  "CartPage" : {
    "transaction" : "CartPage",
    "sampleCount" : 260,
    "errorCount" : 0,
    "errorPct" : 0.0,
    "meanResTime" : 18.411538461538463,
    "medianResTime" : 18.0,
    "minResTime" : 14.0,
    "maxResTime" : 38.0,
    "pct1ResTime" : 22.0,
    "pct2ResTime" : 24.0,
    "pct3ResTime" : 32.16999999999996,
    "throughput" : 13.447116627876907,
    "receivedKBytesPerSec" : 287.1422553820791,
    "sentKBytesPerSec" : 2.481938518231187
  },
  "Checkout" : {
    "transaction" : "Checkout",
    "sampleCount" : 260,
    "errorCount" : 260,
    "errorPct" : 100.0,
    "meanResTime" : 35.23076923076921,
    "medianResTime" : 35.0,
    "minResTime" : 31.0,
    "maxResTime" : 60.0,
    "pct1ResTime" : 37.0,
    "pct2ResTime" : 39.0,
    "pct3ResTime" : 45.0,
    "throughput" : 13.450594930160372,
    "receivedKBytesPerSec" : 12.990857798758407,
    "sentKBytesPerSec" : 5.871499935333679
  },
  "Total" : {
    "transaction" : "Total",
    "sampleCount" : 2080,
    "errorCount" : 780,
    "errorPct" : 37.5,
    "meanResTime" : 22.301442307692287,
    "medianResTime" : 18.0,
    "minResTime" : 13.0,
    "maxResTime" : 618.0,
    "pct1ResTime" : 23.0,
    "pct2ResTime" : 51.0,
    "pct3ResTime" : 75.38000000000011,
    "throughput" : 103.67342869959627,
    "receivedKBytesPerSec" : 1274.1444041114241,
    "sentKBytesPerSec" : 21.17256423515925
  },
  "Open Checkout Page" : {
    "transaction" : "Open Checkout Page",
    "sampleCount" : 260,
    "errorCount" : 260,
    "errorPct" : 100.0,
    "meanResTime" : 17.461538461538446,
    "medianResTime" : 17.0,
    "minResTime" : 15.0,
    "maxResTime" : 27.0,
    "pct1ResTime" : 19.0,
    "pct2ResTime" : 19.0,
    "pct3ResTime" : 22.16999999999996,
    "throughput" : 13.463828905804982,
    "receivedKBytesPerSec" : 6.521542126249288,
    "sentKBytesPerSec" : 2.5376161902542593
  },
  "View Cart" : {
    "transaction" : "View Cart",
    "sampleCount" : 260,
    "errorCount" : 0,
    "errorPct" : 0.0,
    "meanResTime" : 17.596153846153836,
    "medianResTime" : 17.0,
    "minResTime" : 13.0,
    "maxResTime" : 27.0,
    "pct1ResTime" : 21.0,
    "pct2ResTime" : 22.0,
    "pct3ResTime" : 24.0,
    "throughput" : 13.458950201884253,
    "receivedKBytesPerSec" : 279.8229185539393,
    "sentKBytesPerSec" : 2.4841226446837146
  },
  "Cart" : {
    "transaction" : "Cart",
    "sampleCount" : 260,
    "errorCount" : 0,
    "errorPct" : 0.0,
    "meanResTime" : 54.83846153846157,
    "medianResTime" : 53.0,
    "minResTime" : 41.0,
    "maxResTime" : 104.0,
    "pct1ResTime" : 62.0,
    "pct2ResTime" : 67.0,
    "pct3ResTime" : 95.77999999999997,
    "throughput" : 13.418662262592898,
    "receivedKBytesPerSec" : 827.012003009522,
    "sentKBytesPerSec" : 7.5217891979768785
  }
}