{
  "Open Product Page" : {
    "transaction" : "Open Product Page",
    "sampleCount" : 260,
    "errorCount" : 0,
    "errorPct" : 0.0,
    "meanResTime" : 20.080769230769228,
    "medianResTime" : 19.0,
    "minResTime" : 17.0,
    "maxResTime" : 48.0,
    "pct1ResTime" : 21.0,
    "pct2ResTime" : 30.94999999999999,
    "pct3ResTime" : 41.0,
    "throughput" : 13.340858946072142,
    "receivedKBytesPerSec" : 72.52678995202422,
    "sentKBytesPerSec" : 2.553523782646621
  },
  "Homepage" : {
    "transaction" : "Homepage",
    "sampleCount" : 260,
    "errorCount" : 0,
    "errorPct" : 0.0,
    "meanResTime" : 55.576923076923094,
    "medianResTime" : 59.0,
    "minResTime" : 17.0,
    "maxResTime" : 541.0,
    "pct1ResTime" : 67.9,
    "pct2ResTime" : 73.94999999999999,
    "pct3ResTime" : 531.7299999999999,
    "throughput" : 12.910273598490491,
    "receivedKBytesPerSec" : 112.48488047134913,
    "sentKBytesPerSec" : 2.2693840309846567
  },
  "Send Message" : {
    "transaction" : "Send Message",
    "sampleCount" : 260,
    "errorCount" : 260,
    "errorPct" : 100.0,
    "meanResTime" : 29.6576923076923,
    "medianResTime" : 30.0,
    "minResTime" : 27.0,
    "maxResTime" : 36.0,
    "pct1ResTime" : 31.0,
    "pct2ResTime" : 32.0,
    "pct3ResTime" : 33.77999999999997,
    "throughput" : 13.351820469367842,
    "receivedKBytesPerSec" : 6.467488638114313,
    "sentKBytesPerSec" : 3.6900050711241206
  },
  "Open Contact Page" : {
    "transaction" : "Open Contact Page",
    "sampleCount" : 260,
    "errorCount" : 0,
    "errorPct" : 0.0,
    "meanResTime" : 20.796153846153846,
    "medianResTime" : 20.0,
    "minResTime" : 18.0,
    "maxResTime" : 32.0,
    "pct1ResTime" : 23.900000000000006,
    "pct2ResTime" : 24.0,
    "pct3ResTime" : 31.0,
    "throughput" : 13.357307988697663,
    "receivedKBytesPerSec" : 234.4936022989982,
    "sentKBytesPerSec" : 2.465362509632674
  },
  "Open Homepage" : {
    "transaction" : "Open Homepage",
    "sampleCount" : 260,
    "errorCount" : 0,
    "errorPct" : 0.0,
    "meanResTime" : 55.576923076923094,
    "medianResTime" : 59.0,
    "minResTime" : 17.0,
    "maxResTime" : 541.0,
    "pct1ResTime" : 67.9,
    "pct2ResTime" : 73.94999999999999,
    "pct3ResTime" : 531.7299999999999,
    "throughput" : 13.001950292543881,
    "receivedKBytesPerSec" : 113.28364293706557,
    "sentKBytesPerSec" : 2.2854990748612294
  },
  "Contact" : {
    "transaction" : "Contact",
    "sampleCount" : 260,
    "errorCount" : 260,
    "errorPct" : 100.0,
    "meanResTime" : 50.453846153846115,
    "medianResTime" : 50.0,
    "minResTime" : 46.0,
    "maxResTime" : 62.0,
    "pct1ResTime" : 53.900000000000006,
    "pct2ResTime" : 55.0,
    "pct3ResTime" : 60.389999999999986,
    "throughput" : 13.33675301359323,
    "receivedKBytesPerSec" : 240.59294049756346,
    "sentKBytesPerSec" : 6.147409592203129
  },
  "Submit Order" : {
    "transaction" : "Submit Order",
    "sampleCount" : 260,
    "errorCount" : 260,
    "errorPct" : 100.0,
    "meanResTime" : 29.980769230769237,
    "medianResTime" : 29.0,
    "minResTime" : 27.0,
    "maxResTime" : 61.0,
    "pct1ResTime" : 31.0,
    "pct2ResTime" : 32.0,
    "pct3ResTime" : 45.389999999999986,
    "throughput" : 13.347707787874121,
    "receivedKBytesPerSec" : 6.4261913470917404,
    "sentKBytesPerSec" : 3.310857205195339
  },
  "CartPage" : {
    "transaction" : "CartPage",
    "sampleCount" : 260,
    "errorCount" : 0,
    "errorPct" : 0.0,
    "meanResTime" : 22.473076923076917,
    "medianResTime" : 20.5,
    "minResTime" : 17.0,
    "maxResTime" : 49.0,
    "pct1ResTime" : 31.0,
    "pct2ResTime" : 32.0,
    "pct3ResTime" : 45.77999999999997,
    "throughput" : 13.3422281521014,
    "receivedKBytesPerSec" : 236.06578063260125,
    "sentKBytesPerSec" : 2.4625792194796534
  },
  "Checkout" : {
    "transaction" : "Checkout",
    "sampleCount" : 260,
    "errorCount" : 260,
    "errorPct" : 100.0,
    "meanResTime" : 59.66923076923075,
    "medianResTime" : 59.0,
    "minResTime" : 56.0,
    "maxResTime" : 90.0,
    "pct1ResTime" : 62.0,
    "pct2ResTime" : 63.0,
    "pct3ResTime" : 74.77999999999997,
    "throughput" : 13.326499231163506,
    "receivedKBytesPerSec" : 12.871003651973346,
    "sentKBytesPerSec" : 5.8173292542286
  },
  "Total" : {
    "transaction" : "Total",
    "sampleCount" : 2080,
    "errorCount" : 780,
    "errorPct" : 37.5,
    "meanResTime" : 28.654807692307653,
    "medianResTime" : 25.0,
    "minResTime" : 17.0,
    "maxResTime" : 541.0,
    "pct1ResTime" : 32.0,
    "pct2ResTime" : 60.0,
    "pct3ResTime" : 69.19000000000005,
    "throughput" : 102.98559191959201,
    "receivedKBytesPerSec" : 888.7909656291777,
    "sentKBytesPerSec" : 21.032091709164728
  },
  "Open Checkout Page" : {
    "transaction" : "Open Checkout Page",
    "sampleCount" : 260,
    "errorCount" : 260,
    "errorPct" : 100.0,
    "meanResTime" : 29.688461538461553,
    "medianResTime" : 29.0,
    "minResTime" : 28.0,
    "maxResTime" : 35.0,
    "pct1ResTime" : 31.0,
    "pct2ResTime" : 32.0,
    "pct3ResTime" : 34.389999999999986,
    "throughput" : 13.347022587268993,
    "receivedKBytesPerSec" : 6.464964065708418,
    "sentKBytesPerSec" : 2.5156009368583163
  },
  "View Cart" : {
    "transaction" : "View Cart",
    "sampleCount" : 260,
    "errorCount" : 0,
    "errorPct" : 0.0,
    "meanResTime" : 20.98461538461538,
    "medianResTime" : 20.0,
    "minResTime" : 17.0,
    "maxResTime" : 34.0,
    "pct1ResTime" : 24.0,
    "pct2ResTime" : 25.0,
    "pct3ResTime" : 33.0,
    "throughput" : 13.351820469367842,
    "receivedKBytesPerSec" : 242.92184009590204,
    "sentKBytesPerSec" : 2.4643496764751194
  },
  "Cart" : {
    "transaction" : "Cart",
    "sampleCount" : 260,
    "errorCount" : 0,
    "errorPct" : 0.0,
    "meanResTime" : 63.5384615384615,
    "medianResTime" : 60.0,
    "minResTime" : 53.0,
    "maxResTime" : 113.0,
    "pct1ResTime" : 73.9,
    "pct2ResTime" : 76.0,
    "pct3ResTime" : 110.0,
    "throughput" : 13.29991303903013,
    "receivedKBytesPerSec" : 549.5987246790118,
    "sentKBytesPerSec" : 7.455224691800092
  }
}