{
  "Open Product Page" : {
    "transaction" : "Open Product Page",
    "sampleCount" : 260,
    "errorCount" : 0,
    "errorPct" : 0.0,
    "meanResTime" : 35.75384615384614,
    "medianResTime" : 35.0,
    "minResTime" : 23.0,
    "maxResTime" : 74.0,
    "pct1ResTime" : 43.0,
    "pct2ResTime" : 47.94999999999999,
    "pct3ResTime" : 59.389999999999986,
    "throughput" : 13.32103699149503,
    "receivedKBytesPerSec" : 240.66446677425964,
    "sentKBytesPerSec" : 2.5497297366533456
  },
  "Homepage" : {
    "transaction" : "Homepage",
    "sampleCount" : 260,
    "errorCount" : 0,
    "errorPct" : 0.0,
    "meanResTime" : 98.59615384615387,
    "medianResTime" : 107.0,
    "minResTime" : 23.0,
    "maxResTime" : 645.0,
    "pct1ResTime" : 142.0,
    "pct2ResTime" : 149.0,
    "pct3ResTime" : 637.17,
    "throughput" : 12.835703001579779,
    "receivedKBytesPerSec" : 178.91231494680588,
    "sentKBytesPerSec" : 2.2562759182464456
  },
  "Send Message" : {
    "transaction" : "Send Message",
    "sampleCount" : 260,
    "errorCount" : 260,
    "errorPct" : 100.0,
    "meanResTime" : 29.69615384615385,
    "medianResTime" : 30.0,
    "minResTime" : 24.0,
    "maxResTime" : 50.0,
    "pct1ResTime" : 33.0,
    "pct2ResTime" : 33.94999999999999,
    "pct3ResTime" : 37.77999999999997,
    "throughput" : 13.355935686032772,
    "receivedKBytesPerSec" : 6.469281347922125,
    "sentKBytesPerSec" : 3.691142381979761
  },
  "Open Contact Page" : {
    "transaction" : "Open Contact Page",
    "sampleCount" : 260,
    "errorCount" : 0,
    "errorPct" : 0.0,
    "meanResTime" : 36.42307692307693,
    "medianResTime" : 36.0,
    "minResTime" : 28.0,
    "maxResTime" : 64.0,
    "pct1ResTime" : 41.0,
    "pct2ResTime" : 43.0,
    "pct3ResTime" : 54.16999999999996,
    "throughput" : 13.339490021035349,
    "receivedKBytesPerSec" : 320.513464146914,
    "sentKBytesPerSec" : 2.462073841773126
  },
  "Open Homepage" : {
    "transaction" : "Open Homepage",
    "sampleCount" : 260,
    "errorCount" : 0,
    "errorPct" : 0.0,
    "meanResTime" : 98.59230769230767,
    "medianResTime" : 107.0,
    "minResTime" : 23.0,
    "maxResTime" : 645.0,
    "pct1ResTime" : 142.0,
    "pct2ResTime" : 149.0,
    "pct3ResTime" : 637.17,
    "throughput" : 12.916687366486164,
    "receivedKBytesPerSec" : 180.04112730699487,
    "sentKBytesPerSec" : 2.270511451140146
  },
  "Contact" : {
    "transaction" : "Contact",
    "sampleCount" : 260,
    "errorCount" : 260,
    "errorPct" : 100.0,
    "meanResTime" : 66.12307692307691,
    "medianResTime" : 66.0,
    "minResTime" : 52.0,
    "maxResTime" : 97.0,
    "pct1ResTime" : 73.0,
    "pct2ResTime" : 75.0,
    "pct3ResTime" : 86.55999999999995,
    "throughput" : 13.31898980585011,
    "receivedKBytesPerSec" : 326.47228265393676,
    "sentKBytesPerSec" : 6.1392218636340345
  },
  "Submit Order" : {
    "transaction" : "Submit Order",
    "sampleCount" : 260,
    "errorCount" : 260,
    "errorPct" : 100.0,
    "meanResTime" : 29.557692307692314,
    "medianResTime" : 29.0,
    "minResTime" : 23.0,
    "maxResTime" : 36.0,
    "pct1ResTime" : 33.0,
    "pct2ResTime" : 33.0,
    "pct3ResTime" : 35.0,
    "throughput" : 13.340174448435095,
    "receivedKBytesPerSec" : 6.42256445613135,
    "sentKBytesPerSec" : 3.308988583889174
  },
  "CartPage" : {
    "transaction" : "CartPage",
    "sampleCount" : 260,
    "errorCount" : 0,
    "errorPct" : 0.0,
    "meanResTime" : 37.01538461538462,
    "medianResTime" : 36.0,
    "minResTime" : 28.0,
    "maxResTime" : 78.0,
    "pct1ResTime" : 42.0,
    "pct2ResTime" : 45.0,
    "pct3ResTime" : 66.7299999999999,
    "throughput" : 13.328548726098322,
    "receivedKBytesPerSec" : 320.2554792029784,
    "sentKBytesPerSec" : 2.4600544035474443
  },
  "Checkout" : {
    "transaction" : "Checkout",
    "sampleCount" : 260,
    "errorCount" : 260,
    "errorPct" : 100.0,
    "meanResTime" : 59.34615384615383,
    "medianResTime" : 59.0,
    "minResTime" : 47.0,
    "maxResTime" : 79.0,
    "pct1ResTime" : 66.0,
    "pct2ResTime" : 67.0,
    "pct3ResTime" : 69.77999999999997,
    "throughput" : 13.31967213114754,
    "receivedKBytesPerSec" : 12.864610015368854,
    "sentKBytesPerSec" : 5.814349065061475
  },
  "Total" : {
    "transaction" : "Total",
    "sampleCount" : 2080,
    "errorCount" : 780,
    "errorPct" : 37.5,
    "meanResTime" : 41.672596153846136,
    "medianResTime" : 33.0,
    "minResTime" : 23.0,
    "maxResTime" : 645.0,
    "pct1ResTime" : 45.0,
    "pct2ResTime" : 116.0,
    "pct3ResTime" : 143.19000000000005,
    "throughput" : 102.20125786163523,
    "receivedKBytesPerSec" : 1348.2547016263757,
    "sentKBytesPerSec" : 20.87191215851022
  },
  "Open Checkout Page" : {
    "transaction" : "Open Checkout Page",
    "sampleCount" : 260,
    "errorCount" : 260,
    "errorPct" : 100.0,
    "meanResTime" : 29.788461538461544,
    "medianResTime" : 29.0,
    "minResTime" : 23.0,
    "maxResTime" : 50.0,
    "pct1ResTime" : 33.0,
    "pct2ResTime" : 34.0,
    "pct3ResTime" : 40.389999999999986,
    "throughput" : 13.340858946072142,
    "receivedKBytesPerSec" : 6.46217898558161,
    "sentKBytesPerSec" : 2.51443923495305
  },
  "View Cart" : {
    "transaction" : "View Cart",
    "sampleCount" : 260,
    "errorCount" : 0,
    "errorPct" : 0.0,
    "meanResTime" : 36.55384615384616,
    "medianResTime" : 36.0,
    "minResTime" : 27.0,
    "maxResTime" : 99.0,
    "pct1ResTime" : 41.0,
    "pct2ResTime" : 42.0,
    "pct3ResTime" : 59.729999999999905,
    "throughput" : 13.33675301359323,
    "receivedKBytesPerSec" : 320.4378827103103,
    "sentKBytesPerSec" : 2.461568671454219
  },
  "Cart" : {
    "transaction" : "Cart",
    "sampleCount" : 260,
    "errorCount" : 0,
    "errorPct" : 0.0,
    "meanResTime" : 109.323076923077,
    "medianResTime" : 108.0,
    "minResTime" : 81.0,
    "maxResTime" : 173.0,
    "pct1ResTime" : 125.0,
    "pct2ResTime" : 132.95,
    "pct3ResTime" : 163.67999999999984,
    "throughput" : 13.274788113958952,
    "receivedKBytesPerSec" : 877.7417144261208,
    "sentKBytesPerSec" : 7.441140993566834
  }
}