{
  "Open Product Page" : {
    "transaction" : "Open Product Page",
    "sampleCount" : 260,
    "errorCount" : 0,
    "errorPct" : 0.0,
    "meanResTime" : 11.434615384615391,
    "medianResTime" : 7.0,
    "minResTime" : 4.0,
    "maxResTime" : 50.0,
    "pct1ResTime" : 34.900000000000006,
    "pct2ResTime" : 36.94999999999999,
    "pct3ResTime" : 44.559999999999945,
    "throughput" : 13.433221389821751,
    "receivedKBytesPerSec" : 101.29170635817619,
    "sentKBytesPerSec" : 2.5712025316455698
  },
  "Homepage" : {
    "transaction" : "Homepage",
    "sampleCount" : 260,
    "errorCount" : 0,
    "errorPct" : 0.0,
    "meanResTime" : 38.550000000000004,
    "medianResTime" : 24.0,
    "minResTime" : 5.0,
    "maxResTime" : 546.0,
    "pct1ResTime" : 55.0,
    "pct2ResTime" : 71.79999999999995,
    "pct3ResTime" : 542.17,
    "throughput" : 12.983770287141073,
    "receivedKBytesPerSec" : 157.96860369850188,
    "sentKBytesPerSec" : 2.282303370786517
  },
  "Send Message" : {
    "transaction" : "Send Message",
    "sampleCount" : 260,
    "errorCount" : 260,
    "errorPct" : 100.0,
    "meanResTime" : 34.2423076923077,
    "medianResTime" : 34.0,
    "minResTime" : 29.0,
    "maxResTime" : 52.0,
    "pct1ResTime" : 37.900000000000006,
    "pct2ResTime" : 39.94999999999999,
    "pct3ResTime" : 49.16999999999996,
    "throughput" : 13.41727732480132,
    "receivedKBytesPerSec" : 6.49899370420064,
    "sentKBytesPerSec" : 3.708095198162865
  },
  "Open Contact Page" : {
    "transaction" : "Open Contact Page",
    "sampleCount" : 260,
    "errorCount" : 0,
    "errorPct" : 0.0,
    "meanResTime" : 8.619230769230763,
    "medianResTime" : 7.0,
    "minResTime" : 4.0,
    "maxResTime" : 40.0,
    "pct1ResTime" : 12.0,
    "pct2ResTime" : 17.94999999999999,
    "pct3ResTime" : 37.77999999999997,
    "throughput" : 13.432527381690432,
    "receivedKBytesPerSec" : 131.84209272964455,
    "sentKBytesPerSec" : 2.4792457765034097
  },
  "Open Homepage" : {
    "transaction" : "Open Homepage",
    "sampleCount" : 260,
    "errorCount" : 0,
    "errorPct" : 0.0,
    "meanResTime" : 38.550000000000004,
    "medianResTime" : 24.0,
    "minResTime" : 5.0,
    "maxResTime" : 546.0,
    "pct1ResTime" : 55.0,
    "pct2ResTime" : 71.79999999999995,
    "pct3ResTime" : 542.17,
    "throughput" : 13.068610203568737,
    "receivedKBytesPerSec" : 159.00081875157076,
    "sentKBytesPerSec" : 2.2972166373460667
  },
  "Contact" : {
    "transaction" : "Contact",
    "sampleCount" : 260,
    "errorCount" : 260,
    "errorPct" : 100.0,
    "meanResTime" : 42.86153846153846,
    "medianResTime" : 41.0,
    "minResTime" : 35.0,
    "maxResTime" : 77.0,
    "pct1ResTime" : 50.900000000000006,
    "pct2ResTime" : 61.799999999999955,
    "pct3ResTime" : 71.77999999999997,
    "throughput" : 13.410356921807304,
    "receivedKBytesPerSec" : 138.1201282687745,
    "sentKBytesPerSec" : 6.181336393645553
  },
  "Submit Order" : {
    "transaction" : "Submit Order",
    "sampleCount" : 260,
    "errorCount" : 260,
    "errorPct" : 100.0,
    "meanResTime" : 34.12692307692308,
    "medianResTime" : 33.0,
    "minResTime" : 29.0,
    "maxResTime" : 61.0,
    "pct1ResTime" : 37.900000000000006,
    "pct2ResTime" : 39.0,
    "pct3ResTime" : 44.94999999999993,
    "throughput" : 13.429752066115704,
    "receivedKBytesPerSec" : 6.465691180268595,
    "sentKBytesPerSec" : 3.3312080320247937
  },
  "CartPage" : {
    "transaction" : "CartPage",
    "sampleCount" : 260,
    "errorCount" : 0,
    "errorPct" : 0.0,
    "meanResTime" : 9.476923076923072,
    "medianResTime" : 7.0,
    "minResTime" : 4.0,
    "maxResTime" : 43.0,
    "pct1ResTime" : 13.900000000000006,
    "pct2ResTime" : 33.0,
    "pct3ResTime" : 40.389999999999986,
    "throughput" : 13.439470691615838,
    "receivedKBytesPerSec" : 132.04274906634447,
    "sentKBytesPerSec" : 2.4805273053861265
  },
  "Checkout" : {
    "transaction" : "Checkout",
    "sampleCount" : 260,
    "errorCount" : 260,
    "errorPct" : 100.0,
    "meanResTime" : 68.25769230769234,
    "medianResTime" : 67.0,
    "minResTime" : 60.0,
    "maxResTime" : 97.0,
    "pct1ResTime" : 74.9,
    "pct2ResTime" : 76.94999999999999,
    "pct3ResTime" : 86.0,
    "throughput" : 13.404134659998968,
    "receivedKBytesPerSec" : 12.945985526112286,
    "sentKBytesPerSec" : 5.851218938495644
  },
  "Total" : {
    "transaction" : "Total",
    "sampleCount" : 2080,
    "errorCount" : 780,
    "errorPct" : 37.5,
    "meanResTime" : 22.444711538461494,
    "medianResTime" : 18.0,
    "minResTime" : 4.0,
    "maxResTime" : 546.0,
    "pct1ResTime" : 37.0,
    "pct2ResTime" : 40.0,
    "pct3ResTime" : 64.19000000000005,
    "throughput" : 103.48258706467661,
    "receivedKBytesPerSec" : 645.7139109141791,
    "sentKBytesPerSec" : 21.133589863184078
  },
  "Open Checkout Page" : {
    "transaction" : "Open Checkout Page",
    "sampleCount" : 260,
    "errorCount" : 260,
    "errorPct" : 100.0,
    "meanResTime" : 34.13076923076926,
    "medianResTime" : 34.0,
    "minResTime" : 30.0,
    "maxResTime" : 52.0,
    "pct1ResTime" : 37.0,
    "pct2ResTime" : 39.0,
    "pct3ResTime" : 46.94999999999993,
    "throughput" : 13.426284533953009,
    "receivedKBytesPerSec" : 6.503356571133489,
    "sentKBytesPerSec" : 2.5305399561063777
  },
  "View Cart" : {
    "transaction" : "View Cart",
    "sampleCount" : 260,
    "errorCount" : 0,
    "errorPct" : 0.0,
    "meanResTime" : 8.976923076923079,
    "medianResTime" : 7.0,
    "minResTime" : 4.0,
    "maxResTime" : 39.0,
    "pct1ResTime" : 13.0,
    "pct2ResTime" : 31.64999999999992,
    "pct3ResTime" : 37.389999999999986,
    "throughput" : 13.442945039036244,
    "receivedKBytesPerSec" : 122.6173409951657,
    "sentKBytesPerSec" : 2.4811685667752443
  },
  "Cart" : {
    "transaction" : "Cart",
    "sampleCount" : 260,
    "errorCount" : 0,
    "errorPct" : 0.0,
    "meanResTime" : 29.888461538461545,
    "medianResTime" : 22.0,
    "minResTime" : 13.0,
    "maxResTime" : 119.0,
    "pct1ResTime" : 52.0,
    "pct2ResTime" : 74.94999999999999,
    "pct3ResTime" : 112.77999999999997,
    "throughput" : 13.386880856760374,
    "receivedKBytesPerSec" : 354.574296786505,
    "sentKBytesPerSec" : 7.50397423025435
  }
}