{
  "Open Product Page" : {
    "transaction" : "Open Product Page",
    "sampleCount" : 260,
    "errorCount" : 0,
    "errorPct" : 0.0,
    "meanResTime" : 24.449999999999996,
    "medianResTime" : 20.0,
    "minResTime" : 15.0,
    "maxResTime" : 158.0,
    "pct1ResTime" : 32.900000000000006,
    "pct2ResTime" : 44.94999999999999,
    "pct3ResTime" : 107.5899999999989,
    "throughput" : 13.40275271921233,
    "receivedKBytesPerSec" : 188.41781470694366,
    "sentKBytesPerSec" : 2.565370637661735
  },
  "Homepage" : {
    "transaction" : "Homepage",
    "sampleCount" : 260,
    "errorCount" : 0,
    "errorPct" : 0.0,
    "meanResTime" : 59.750000000000036,
    "medianResTime" : 59.0,
    "minResTime" : 14.0,
    "maxResTime" : 580.0,
    "pct1ResTime" : 76.9,
    "pct2ResTime" : 95.74999999999994,
    "pct3ResTime" : 572.3399999999999,
    "throughput" : 12.954658694569009,
    "receivedKBytesPerSec" : 178.43353925323865,
    "sentKBytesPerSec" : 2.2771860986547083
  },
  "Send Message" : {
    "transaction" : "Send Message",
    "sampleCount" : 260,
    "errorCount" : 260,
    "errorPct" : 100.0,
    "meanResTime" : 26.19999999999999,
    "medianResTime" : 29.0,
    "minResTime" : 15.0,
    "maxResTime" : 46.0,
    "pct1ResTime" : 32.0,
    "pct2ResTime" : 34.0,
    "pct3ResTime" : 41.77999999999997,
    "throughput" : 13.452682775391938,
    "receivedKBytesPerSec" : 6.51614321933047,
    "sentKBytesPerSec" : 3.717880102964764
  },
  "Open Contact Page" : {
    "transaction" : "Open Contact Page",
    "sampleCount" : 260,
    "errorCount" : 0,
    "errorPct" : 0.0,
    "meanResTime" : 21.423076923076906,
    "medianResTime" : 20.0,
    "minResTime" : 16.0,
    "maxResTime" : 63.0,
    "pct1ResTime" : 26.0,
    "pct2ResTime" : 29.0,
    "pct3ResTime" : 51.94999999999993,
    "throughput" : 13.449899125756557,
    "receivedKBytesPerSec" : 233.34029133904093,
    "sentKBytesPerSec" : 2.4824520847343647
  },
  "Open Homepage" : {
    "transaction" : "Open Homepage",
    "sampleCount" : 260,
    "errorCount" : 0,
    "errorPct" : 0.0,
    "meanResTime" : 59.750000000000036,
    "medianResTime" : 59.0,
    "minResTime" : 14.0,
    "maxResTime" : 580.0,
    "pct1ResTime" : 76.9,
    "pct2ResTime" : 95.74999999999994,
    "pct3ResTime" : 572.3399999999999,
    "throughput" : 13.033234748608953,
    "receivedKBytesPerSec" : 179.51582198669104,
    "sentKBytesPerSec" : 2.2909982956539174
  },
  "Contact" : {
    "transaction" : "Contact",
    "sampleCount" : 260,
    "errorCount" : 260,
    "errorPct" : 100.0,
    "meanResTime" : 47.623076923076916,
    "medianResTime" : 50.0,
    "minResTime" : 32.0,
    "maxResTime" : 81.0,
    "pct1ResTime" : 56.0,
    "pct2ResTime" : 60.0,
    "pct3ResTime" : 77.94999999999993,
    "throughput" : 13.436692506459949,
    "receivedKBytesPerSec" : 239.61956960594313,
    "sentKBytesPerSec" : 6.193475452196382
  },
  "Submit Order" : {
    "transaction" : "Submit Order",
    "sampleCount" : 260,
    "errorCount" : 260,
    "errorPct" : 100.0,
    "meanResTime" : 26.026923076923094,
    "medianResTime" : 29.0,
    "minResTime" : 15.0,
    "maxResTime" : 73.0,
    "pct1ResTime" : 31.0,
    "pct2ResTime" : 32.0,
    "pct3ResTime" : 39.16999999999996,
    "throughput" : 13.436692506459949,
    "receivedKBytesPerSec" : 6.469032622739018,
    "sentKBytesPerSec" : 3.3329295865633073
  },
  "CartPage" : {
    "transaction" : "CartPage",
    "sampleCount" : 260,
    "errorCount" : 0,
    "errorPct" : 0.0,
    "meanResTime" : 22.438461538461528,
    "medianResTime" : 20.0,
    "minResTime" : 15.0,
    "maxResTime" : 91.0,
    "pct1ResTime" : 30.0,
    "pct2ResTime" : 33.0,
    "pct3ResTime" : 54.679999999999836,
    "throughput" : 13.415892672858616,
    "receivedKBytesPerSec" : 224.21733907378743,
    "sentKBytesPerSec" : 2.4761755030959756
  },
  "Checkout" : {
    "transaction" : "Checkout",
    "sampleCount" : 260,
    "errorCount" : 260,
    "errorPct" : 100.0,
    "meanResTime" : 52.22307692307691,
    "medianResTime" : 59.0,
    "minResTime" : 33.0,
    "maxResTime" : 104.0,
    "pct1ResTime" : 62.900000000000006,
    "pct2ResTime" : 65.0,
    "pct3ResTime" : 70.38999999999999,
    "throughput" : 13.415200454052938,
    "receivedKBytesPerSec" : 12.95667309478355,
    "sentKBytesPerSec" : 5.8560494169547495
  },
  "Total" : {
    "transaction" : "Total",
    "sampleCount" : 2080,
    "errorCount" : 780,
    "errorPct" : 37.5,
    "meanResTime" : 28.577884615384548,
    "medianResTime" : 22.0,
    "minResTime" : 14.0,
    "maxResTime" : 580.0,
    "pct1ResTime" : 38.0,
    "pct2ResTime" : 62.0,
    "pct3ResTime" : 82.57000000000016,
    "throughput" : 103.5650268870743,
    "receivedKBytesPerSec" : 1049.243956632145,
    "sentKBytesPerSec" : 21.15042602320255
  },
  "Open Checkout Page" : {
    "transaction" : "Open Checkout Page",
    "sampleCount" : 260,
    "errorCount" : 260,
    "errorPct" : 100.0,
    "meanResTime" : 26.196153846153834,
    "medianResTime" : 29.0,
    "minResTime" : 16.0,
    "maxResTime" : 41.0,
    "pct1ResTime" : 31.0,
    "pct2ResTime" : 32.0,
    "pct3ResTime" : 38.77999999999997,
    "throughput" : 13.428364838343146,
    "receivedKBytesPerSec" : 6.504364218572462,
    "sentKBytesPerSec" : 2.5309320447267845
  },
  "View Cart" : {
    "transaction" : "View Cart",
    "sampleCount" : 260,
    "errorCount" : 0,
    "errorPct" : 0.0,
    "meanResTime" : 22.138461538461534,
    "medianResTime" : 20.0,
    "minResTime" : 15.0,
    "maxResTime" : 93.0,
    "pct1ResTime" : 28.900000000000006,
    "pct2ResTime" : 33.0,
    "pct3ResTime" : 58.899999999999864,
    "throughput" : 13.426284533953009,
    "receivedKBytesPerSec" : 237.7306129776659,
    "sentKBytesPerSec" : 2.478093532145624
  },
  "Cart" : {
    "transaction" : "Cart",
    "sampleCount" : 260,
    "errorCount" : 0,
    "errorPct" : 0.0,
    "meanResTime" : 69.02692307692317,
    "medianResTime" : 64.0,
    "minResTime" : 46.0,
    "maxResTime" : 241.0,
    "pct1ResTime" : 86.0,
    "pct2ResTime" : 99.94999999999999,
    "pct3ResTime" : 190.67999999999984,
    "throughput" : 13.378614798806217,
    "receivedKBytesPerSec" : 648.5593567491252,
    "sentKBytesPerSec" : 7.499340717299578
  }
}