{
  "Open Product Page" : {
    "transaction" : "Open Product Page",
    "sampleCount" : 260,
    "errorCount" : 0,
    "errorPct" : 0.0,
    "meanResTime" : 25.39999999999999,
    "medianResTime" : 23.0,
    "minResTime" : 21.0,
    "maxResTime" : 73.0,
    "pct1ResTime" : 24.0,
    "pct2ResTime" : 65.0,
    "pct3ResTime" : 71.0,
    "throughput" : 13.291074532256417,
    "receivedKBytesPerSec" : 72.20836514990798,
    "sentKBytesPerSec" : 2.5439947346897043
  },
  "Homepage" : {
    "transaction" : "Homepage",
    "sampleCount" : 260,
    "errorCount" : 0,
    "errorPct" : 0.0,
    "meanResTime" : 70.08076923076923,
    "medianResTime" : 77.0,
    "minResTime" : 21.0,
    "maxResTime" : 604.0,
    "pct1ResTime" : 84.0,
    "pct2ResTime" : 99.79999999999995,
    "pct3ResTime" : 584.5799999999997,
    "throughput" : 12.842677204247963,
    "receivedKBytesPerSec" : 64.0413720980489,
    "sentKBytesPerSec" : 2.257501852309212
  },
  "Send Message" : {
    "transaction" : "Send Message",
    "sampleCount" : 260,
    "errorCount" : 260,
    "errorPct" : 100.0,
    "meanResTime" : 65.62307692307695,
    "medianResTime" : 65.0,
    "minResTime" : 61.0,
    "maxResTime" : 152.0,
    "pct1ResTime" : 68.0,
    "pct2ResTime" : 68.0,
    "pct3ResTime" : 76.67999999999984,
    "throughput" : 13.332649607712426,
    "receivedKBytesPerSec" : 6.4580021537357055,
    "sentKBytesPerSec" : 3.684706874006461
  },
  "Open Contact Page" : {
    "transaction" : "Open Contact Page",
    "sampleCount" : 260,
    "errorCount" : 0,
    "errorPct" : 0.0,
    "meanResTime" : 23.46923076923077,
    "medianResTime" : 23.0,
    "minResTime" : 22.0,
    "maxResTime" : 68.0,
    "pct1ResTime" : 24.0,
    "pct2ResTime" : 24.0,
    "pct3ResTime" : 66.0,
    "throughput" : 13.363486842105264,
    "receivedKBytesPerSec" : 76.78809918855366,
    "sentKBytesPerSec" : 2.466502942537007
  },
  "Open Homepage" : {
    "transaction" : "Open Homepage",
    "sampleCount" : 260,
    "errorCount" : 0,
    "errorPct" : 0.0,
    "meanResTime" : 70.08076923076923,
    "medianResTime" : 77.0,
    "minResTime" : 21.0,
    "maxResTime" : 604.0,
    "pct1ResTime" : 84.0,
    "pct2ResTime" : 99.79999999999995,
    "pct3ResTime" : 584.5799999999997,
    "throughput" : 12.924392305015658,
    "receivedKBytesPerSec" : 64.44885311552419,
    "sentKBytesPerSec" : 2.2718658348660337
  },
  "Contact" : {
    "transaction" : "Contact",
    "sampleCount" : 260,
    "errorCount" : 260,
    "errorPct" : 100.0,
    "meanResTime" : 89.09230769230767,
    "medianResTime" : 88.0,
    "minResTime" : 83.0,
    "maxResTime" : 174.0,
    "pct1ResTime" : 91.0,
    "pct2ResTime" : 92.0,
    "pct3ResTime" : 132.77999999999997,
    "throughput" : 13.316943249334154,
    "receivedKBytesPerSec" : 82.97104885333435,
    "sentKBytesPerSec" : 6.138278528989961
  },
  "Submit Order" : {
    "transaction" : "Submit Order",
    "sampleCount" : 260,
    "errorCount" : 260,
    "errorPct" : 100.0,
    "meanResTime" : 65.37307692307695,
    "medianResTime" : 65.0,
    "minResTime" : 61.0,
    "maxResTime" : 70.0,
    "pct1ResTime" : 67.0,
    "pct2ResTime" : 68.0,
    "pct3ResTime" : 70.0,
    "throughput" : 13.333333333333334,
    "receivedKBytesPerSec" : 6.419471153846154,
    "sentKBytesPerSec" : 3.3072916666666665
  },
  "CartPage" : {
    "transaction" : "CartPage",
    "sampleCount" : 260,
    "errorCount" : 0,
    "errorPct" : 0.0,
    "meanResTime" : 25.103846153846153,
    "medianResTime" : 23.0,
    "minResTime" : 21.0,
    "maxResTime" : 71.0,
    "pct1ResTime" : 24.0,
    "pct2ResTime" : 28.849999999999966,
    "pct3ResTime" : 71.0,
    "throughput" : 13.322402131584342,
    "receivedKBytesPerSec" : 76.6136699534997,
    "sentKBytesPerSec" : 2.458919924677188
  },
  "Checkout" : {
    "transaction" : "Checkout",
    "sampleCount" : 260,
    "errorCount" : 260,
    "errorPct" : 100.0,
    "meanResTime" : 131.05769230769232,
    "medianResTime" : 131.0,
    "minResTime" : 122.0,
    "maxResTime" : 223.0,
    "pct1ResTime" : 134.0,
    "pct2ResTime" : 135.95,
    "pct3ResTime" : 141.33999999999992,
    "throughput" : 13.288357354594705,
    "receivedKBytesPerSec" : 12.834564742410304,
    "sentKBytesPerSec" : 5.800679431156087
  },
  "Total" : {
    "transaction" : "Total",
    "sampleCount" : 2080,
    "errorCount" : 780,
    "errorPct" : 37.5,
    "meanResTime" : 45.5860576923077,
    "medianResTime" : 24.0,
    "minResTime" : 21.0,
    "maxResTime" : 604.0,
    "pct1ResTime" : 68.0,
    "pct2ResTime" : 78.0,
    "pct3ResTime" : 90.38000000000011,
    "throughput" : 101.93080466529453,
    "receivedKBytesPerSec" : 370.8270928280898,
    "sentKBytesPerSec" : 20.81667922424777
  },
  "Open Checkout Page" : {
    "transaction" : "Open Checkout Page",
    "sampleCount" : 260,
    "errorCount" : 260,
    "errorPct" : 100.0,
    "meanResTime" : 65.68461538461536,
    "medianResTime" : 65.0,
    "minResTime" : 60.0,
    "maxResTime" : 157.0,
    "pct1ResTime" : 68.0,
    "pct2ResTime" : 68.94999999999999,
    "pct3ResTime" : 75.50999999999988,
    "throughput" : 13.332649607712426,
    "receivedKBytesPerSec" : 6.458202463976206,
    "sentKBytesPerSec" : 2.512891967078611
  },
  "View Cart" : {
    "transaction" : "View Cart",
    "sampleCount" : 260,
    "errorCount" : 0,
    "errorPct" : 0.0,
    "meanResTime" : 23.953846153846147,
    "medianResTime" : 23.0,
    "minResTime" : 21.0,
    "maxResTime" : 69.0,
    "pct1ResTime" : 24.0,
    "pct2ResTime" : 25.0,
    "pct3ResTime" : 68.0,
    "throughput" : 13.355935686032772,
    "receivedKBytesPerSec" : 76.63223941477887,
    "sentKBytesPerSec" : 2.465109223300971
  },
  "Cart" : {
    "transaction" : "Cart",
    "sampleCount" : 260,
    "errorCount" : 0,
    "errorPct" : 0.0,
    "meanResTime" : 74.45769230769227,
    "medianResTime" : 69.0,
    "minResTime" : 64.0,
    "maxResTime" : 210.0,
    "pct1ResTime" : 72.0,
    "pct2ResTime" : 114.94999999999999,
    "pct3ResTime" : 206.16999999999996,
    "throughput" : 13.259893920848633,
    "receivedKBytesPerSec" : 224.374348559899,
    "sentKBytesPerSec" : 7.432792100163199
  }
}