{
  "Open Product Page" : {
    "transaction" : "Open Product Page",
    "sampleCount" : 260,
    "errorCount" : 0,
    "errorPct" : 0.0,
    "meanResTime" : 21.59615384615384,
    "medianResTime" : 19.0,
    "minResTime" : 13.0,
    "maxResTime" : 175.0,
    "pct1ResTime" : 28.900000000000006,
    "pct2ResTime" : 31.94999999999999,
    "pct3ResTime" : 69.06999999999982,
    "throughput" : 13.378614798806217,
    "receivedKBytesPerSec" : 179.57363303360088,
    "sentKBytesPerSec" : 2.5607504888340022
  },
  "Homepage" : {
    "transaction" : "Homepage",
    "sampleCount" : 260,
    "errorCount" : 0,
    "errorPct" : 0.0,
    "meanResTime" : 56.342307692307685,
    "medianResTime" : 51.0,
    "minResTime" : 14.0,
    "maxResTime" : 602.0,
    "pct1ResTime" : 74.80000000000001,
    "pct2ResTime" : 85.89999999999998,
    "pct3ResTime" : 597.39,
    "throughput" : 12.910273598490491,
    "receivedKBytesPerSec" : 154.8198516404737,
    "sentKBytesPerSec" : 2.2693840309846567
  },
  "Send Message" : {
    "transaction" : "Send Message",
    "sampleCount" : 260,
    "errorCount" : 260,
    "errorPct" : 100.0,
    "meanResTime" : 22.834615384615383,
    "medianResTime" : 19.0,
    "minResTime" : 15.0,
    "maxResTime" : 31.0,
    "pct1ResTime" : 30.0,
    "pct2ResTime" : 30.0,
    "pct3ResTime" : 31.0,
    "throughput" : 13.364173734258545,
    "receivedKBytesPerSec" : 6.4732716525314835,
    "sentKBytesPerSec" : 3.6934191081984067
  },
  "Open Contact Page" : {
    "transaction" : "Open Contact Page",
    "sampleCount" : 260,
    "errorCount" : 0,
    "errorPct" : 0.0,
    "meanResTime" : 20.53461538461539,
    "medianResTime" : 20.0,
    "minResTime" : 14.0,
    "maxResTime" : 102.0,
    "pct1ResTime" : 24.0,
    "pct2ResTime" : 30.94999999999999,
    "pct3ResTime" : 40.94999999999993,
    "throughput" : 13.367609254498715,
    "receivedKBytesPerSec" : 255.46834832904887,
    "sentKBytesPerSec" : 2.46726381748072
  },
  "Open Homepage" : {
    "transaction" : "Open Homepage",
    "sampleCount" : 260,
    "errorCount" : 0,
    "errorPct" : 0.0,
    "meanResTime" : 56.342307692307685,
    "medianResTime" : 51.0,
    "minResTime" : 14.0,
    "maxResTime" : 602.0,
    "pct1ResTime" : 74.80000000000001,
    "pct2ResTime" : 85.89999999999998,
    "pct3ResTime" : 597.39,
    "throughput" : 12.987012987012989,
    "receivedKBytesPerSec" : 155.74010949987513,
    "sentKBytesPerSec" : 2.282873376623377
  },
  "Contact" : {
    "transaction" : "Contact",
    "sampleCount" : 260,
    "errorCount" : 260,
    "errorPct" : 100.0,
    "meanResTime" : 43.36923076923079,
    "medianResTime" : 41.5,
    "minResTime" : 30.0,
    "maxResTime" : 121.0,
    "pct1ResTime" : 53.0,
    "pct2ResTime" : 56.94999999999999,
    "pct3ResTime" : 62.0,
    "throughput" : 13.34839305883561,
    "receivedKBytesPerSec" : 261.5667355477975,
    "sentKBytesPerSec" : 6.152774925557038
  },
  "Submit Order" : {
    "transaction" : "Submit Order",
    "sampleCount" : 260,
    "errorCount" : 260,
    "errorPct" : 100.0,
    "meanResTime" : 23.230769230769223,
    "medianResTime" : 21.0,
    "minResTime" : 15.0,
    "maxResTime" : 40.0,
    "pct1ResTime" : 30.0,
    "pct2ResTime" : 31.0,
    "pct3ResTime" : 35.77999999999997,
    "throughput" : 13.366234834464322,
    "receivedKBytesPerSec" : 6.435111106827061,
    "sentKBytesPerSec" : 3.315452781205017
  },
  "CartPage" : {
    "transaction" : "CartPage",
    "sampleCount" : 260,
    "errorCount" : 0,
    "errorPct" : 0.0,
    "meanResTime" : 21.603846153846153,
    "medianResTime" : 20.0,
    "minResTime" : 14.0,
    "maxResTime" : 44.0,
    "pct1ResTime" : 31.0,
    "pct2ResTime" : 33.0,
    "pct3ResTime" : 36.0,
    "throughput" : 13.37930324705398,
    "receivedKBytesPerSec" : 268.8370579362425,
    "sentKBytesPerSec" : 2.469422181341018
  },
  "Checkout" : {
    "transaction" : "Checkout",
    "sampleCount" : 260,
    "errorCount" : 260,
    "errorPct" : 100.0,
    "meanResTime" : 46.65000000000001,
    "medianResTime" : 39.0,
    "minResTime" : 30.0,
    "maxResTime" : 157.0,
    "pct1ResTime" : 60.0,
    "pct2ResTime" : 61.0,
    "pct3ResTime" : 66.55999999999995,
    "throughput" : 13.351820469367842,
    "receivedKBytesPerSec" : 12.89566001643301,
    "sentKBytesPerSec" : 5.828382568171315
  },
  "Total" : {
    "transaction" : "Total",
    "sampleCount" : 2080,
    "errorCount" : 780,
    "errorPct" : 37.5,
    "meanResTime" : 26.26826923076918,
    "medianResTime" : 20.0,
    "minResTime" : 13.0,
    "maxResTime" : 602.0,
    "pct1ResTime" : 32.0,
    "pct2ResTime" : 54.94999999999982,
    "pct3ResTime" : 81.0,
    "throughput" : 103.026400515132,
    "receivedKBytesPerSec" : 1098.7223956269504,
    "sentKBytesPerSec" : 21.04042578879588
  },
  "Open Checkout Page" : {
    "transaction" : "Open Checkout Page",
    "sampleCount" : 260,
    "errorCount" : 260,
    "errorPct" : 100.0,
    "meanResTime" : 23.41923076923078,
    "medianResTime" : 19.5,
    "minResTime" : 14.0,
    "maxResTime" : 139.0,
    "pct1ResTime" : 30.0,
    "pct2ResTime" : 31.0,
    "pct3ResTime" : 32.389999999999986,
    "throughput" : 13.372421951344956,
    "receivedKBytesPerSec" : 6.477467790464434,
    "sentKBytesPerSec" : 2.5203881216890394
  },
  "View Cart" : {
    "transaction" : "View Cart",
    "sampleCount" : 260,
    "errorCount" : 0,
    "errorPct" : 0.0,
    "meanResTime" : 20.584615384615372,
    "medianResTime" : 20.0,
    "minResTime" : 14.0,
    "maxResTime" : 50.0,
    "pct1ResTime" : 24.0,
    "pct2ResTime" : 29.94999999999999,
    "pct3ResTime" : 36.16999999999996,
    "throughput" : 13.378614798806217,
    "receivedKBytesPerSec" : 257.49361219383553,
    "sentKBytesPerSec" : 2.469295114232788
  },
  "Cart" : {
    "transaction" : "Cart",
    "sampleCount" : 260,
    "errorCount" : 0,
    "errorPct" : 0.0,
    "meanResTime" : 63.788461538461526,
    "medianResTime" : 62.0,
    "minResTime" : 45.0,
    "maxResTime" : 213.0,
    "pct1ResTime" : 76.0,
    "pct2ResTime" : 80.94999999999999,
    "pct3ResTime" : 115.55999999999995,
    "throughput" : 13.347707787874121,
    "receivedKBytesPerSec" : 704.2597356447969,
    "sentKBytesPerSec" : 7.482015888906002
  }
}