{
  "Open Product Page" : {
    "transaction" : "Open Product Page",
    "sampleCount" : 260,
    "errorCount" : 0,
    "errorPct" : 0.0,
    "meanResTime" : 12.53461538461539,
    "medianResTime" : 10.0,
    "minResTime" : 8.0,
    "maxResTime" : 41.0,
    "pct1ResTime" : 15.800000000000011,
    "pct2ResTime" : 37.0,
    "pct3ResTime" : 38.389999999999986,
    "throughput" : 13.431139580535179,
    "receivedKBytesPerSec" : 107.12625271205702,
    "sentKBytesPerSec" : 2.5708040603368114
  },
  "Homepage" : {
    "transaction" : "Homepage",
    "sampleCount" : 260,
    "errorCount" : 0,
    "errorPct" : 0.0,
    "meanResTime" : 46.3423076923077,
    "medianResTime" : 37.0,
    "minResTime" : 8.0,
    "maxResTime" : 591.0,
    "pct1ResTime" : 63.900000000000006,
    "pct2ResTime" : 82.0,
    "pct3ResTime" : 587.17,
    "throughput" : 12.952722562646342,
    "receivedKBytesPerSec" : 158.1936867932048,
    "sentKBytesPerSec" : 2.276845762965177
  },
  "Send Message" : {
    "transaction" : "Send Message",
    "sampleCount" : 260,
    "errorCount" : 260,
    "errorPct" : 100.0,
    "meanResTime" : 36.33461538461537,
    "medianResTime" : 36.0,
    "minResTime" : 33.0,
    "maxResTime" : 42.0,
    "pct1ResTime" : 38.0,
    "pct2ResTime" : 39.0,
    "pct3ResTime" : 40.389999999999986,
    "throughput" : 13.424898022409252,
    "receivedKBytesPerSec" : 6.502684979604481,
    "sentKBytesPerSec" : 3.710201308927557
  },
  "Open Contact Page" : {
    "transaction" : "Open Contact Page",
    "sampleCount" : 260,
    "errorCount" : 0,
    "errorPct" : 0.0,
    "meanResTime" : 11.146153846153846,
    "medianResTime" : 10.0,
    "minResTime" : 8.0,
    "maxResTime" : 40.0,
    "pct1ResTime" : 12.0,
    "pct2ResTime" : 13.949999999999989,
    "pct3ResTime" : 39.0,
    "throughput" : 13.441555084526703,
    "receivedKBytesPerSec" : 137.7657918077599,
    "sentKBytesPerSec" : 2.4809120224370576
  },
  "Open Homepage" : {
    "transaction" : "Open Homepage",
    "sampleCount" : 260,
    "errorCount" : 0,
    "errorPct" : 0.0,
    "meanResTime" : 46.3423076923077,
    "medianResTime" : 37.0,
    "minResTime" : 8.0,
    "maxResTime" : 591.0,
    "pct1ResTime" : 63.900000000000006,
    "pct2ResTime" : 82.0,
    "pct3ResTime" : 587.17,
    "throughput" : 13.03780964797914,
    "receivedKBytesPerSec" : 159.23286907030388,
    "sentKBytesPerSec" : 2.291802477183833
  },
  "Contact" : {
    "transaction" : "Contact",
    "sampleCount" : 260,
    "errorCount" : 260,
    "errorPct" : 100.0,
    "meanResTime" : 47.48076923076925,
    "medianResTime" : 47.0,
    "minResTime" : 42.0,
    "maxResTime" : 77.0,
    "pct1ResTime" : 49.0,
    "pct2ResTime" : 51.0,
    "pct3ResTime" : 75.77999999999997,
    "throughput" : 13.416584963104391,
    "receivedKBytesPerSec" : 144.00852525607615,
    "sentKBytesPerSec" : 6.18420713143093
  },
  "Submit Order" : {
    "transaction" : "Submit Order",
    "sampleCount" : 260,
    "errorCount" : 260,
    "errorPct" : 100.0,
    "meanResTime" : 36.52307692307696,
    "medianResTime" : 36.0,
    "minResTime" : 32.0,
    "maxResTime" : 54.0,
    "pct1ResTime" : 39.0,
    "pct2ResTime" : 39.0,
    "pct3ResTime" : 46.16999999999996,
    "throughput" : 13.423511797201714,
    "receivedKBytesPerSec" : 6.462686832051216,
    "sentKBytesPerSec" : 3.329660152821519
  },
  "CartPage" : {
    "transaction" : "CartPage",
    "sampleCount" : 260,
    "errorCount" : 0,
    "errorPct" : 0.0,
    "meanResTime" : 12.396153846153844,
    "medianResTime" : 10.0,
    "minResTime" : 8.0,
    "maxResTime" : 53.0,
    "pct1ResTime" : 15.0,
    "pct2ResTime" : 36.0,
    "pct3ResTime" : 39.559999999999945,
    "throughput" : 13.432527381690432,
    "receivedKBytesPerSec" : 133.91554742392537,
    "sentKBytesPerSec" : 2.4792457765034097
  },
  "Checkout" : {
    "transaction" : "Checkout",
    "sampleCount" : 260,
    "errorCount" : 260,
    "errorPct" : 100.0,
    "meanResTime" : 72.75384615384614,
    "medianResTime" : 72.0,
    "minResTime" : 67.0,
    "maxResTime" : 91.0,
    "pct1ResTime" : 76.0,
    "pct2ResTime" : 77.0,
    "pct3ResTime" : 85.16999999999996,
    "throughput" : 13.397918169638256,
    "receivedKBytesPerSec" : 12.93998151344945,
    "sentKBytesPerSec" : 5.8485052947542
  },
  "Total" : {
    "transaction" : "Total",
    "sampleCount" : 2080,
    "errorCount" : 780,
    "errorPct" : 37.5,
    "meanResTime" : 25.363461538461518,
    "medianResTime" : 14.0,
    "minResTime" : 8.0,
    "maxResTime" : 591.0,
    "pct1ResTime" : 38.0,
    "pct2ResTime" : 41.0,
    "pct3ResTime" : 69.0,
    "throughput" : 103.50833540681761,
    "receivedKBytesPerSec" : 667.8679106276437,
    "sentKBytesPerSec" : 21.138848283155014
  },
  "Open Checkout Page" : {
    "transaction" : "Open Checkout Page",
    "sampleCount" : 260,
    "errorCount" : 260,
    "errorPct" : 100.0,
    "meanResTime" : 36.23076923076922,
    "medianResTime" : 36.0,
    "minResTime" : 33.0,
    "maxResTime" : 51.0,
    "pct1ResTime" : 38.0,
    "pct2ResTime" : 39.0,
    "pct3ResTime" : 40.389999999999986,
    "throughput" : 13.422818791946309,
    "receivedKBytesPerSec" : 6.501677852348993,
    "sentKBytesPerSec" : 2.5298867449664426
  },
  "View Cart" : {
    "transaction" : "View Cart",
    "sampleCount" : 260,
    "errorCount" : 0,
    "errorPct" : 0.0,
    "meanResTime" : 11.4,
    "medianResTime" : 10.0,
    "minResTime" : 8.0,
    "maxResTime" : 40.0,
    "pct1ResTime" : 12.0,
    "pct2ResTime" : 17.0,
    "pct3ResTime" : 39.0,
    "throughput" : 13.435998139631026,
    "receivedKBytesPerSec" : 131.1410242849207,
    "sentKBytesPerSec" : 2.4798863753811173
  },
  "Cart" : {
    "transaction" : "Cart",
    "sampleCount" : 260,
    "errorCount" : 0,
    "errorPct" : 0.0,
    "meanResTime" : 36.33076923076926,
    "medianResTime" : 31.0,
    "minResTime" : 25.0,
    "maxResTime" : 87.0,
    "pct1ResTime" : 57.0,
    "pct2ResTime" : 60.0,
    "pct3ResTime" : 81.77999999999997,
    "throughput" : 13.416584963104391,
    "receivedKBytesPerSec" : 371.71831863744256,
    "sentKBytesPerSec" : 7.520624774240156
  }
}