{
  "Open Product Page" : {
    "transaction" : "Open Product Page",
    "sampleCount" : 260,
    "errorCount" : 0,
    "errorPct" : 0.0,
    "meanResTime" : 14.780769230769232,
    "medianResTime" : 11.0,
    "minResTime" : 9.0,
    "maxResTime" : 53.0,
    "pct1ResTime" : 37.0,
    "pct2ResTime" : 39.94999999999999,
    "pct3ResTime" : 50.0,
    "throughput" : 13.35662180211651,
    "receivedKBytesPerSec" : 100.67618901225212,
    "sentKBytesPerSec" : 2.5565408918113635
  },
  "Homepage" : {
    "transaction" : "Homepage",
    "sampleCount" : 260,
    "errorCount" : 0,
    "errorPct" : 0.0,
    "meanResTime" : 48.761538461538485,
    "medianResTime" : 40.0,
    "minResTime" : 9.0,
    "maxResTime" : 517.0,
    "pct1ResTime" : 72.80000000000001,
    "pct2ResTime" : 89.94999999999999,
    "pct3ResTime" : 510.7299999999999,
    "throughput" : 12.929534039484807,
    "receivedKBytesPerSec" : 146.50661706201203,
    "sentKBytesPerSec" : 2.272769655378189
  },
  "Send Message" : {
    "transaction" : "Send Message",
    "sampleCount" : 260,
    "errorCount" : 260,
    "errorPct" : 100.0,
    "meanResTime" : 37.34615384615387,
    "medianResTime" : 37.0,
    "minResTime" : 33.0,
    "maxResTime" : 70.0,
    "pct1ResTime" : 39.0,
    "pct2ResTime" : 40.0,
    "pct3ResTime" : 50.729999999999905,
    "throughput" : 13.349078400164297,
    "receivedKBytesPerSec" : 6.465959850079581,
    "sentKBytesPerSec" : 3.689247253170406
  },
  "Open Contact Page" : {
    "transaction" : "Open Contact Page",
    "sampleCount" : 260,
    "errorCount" : 0,
    "errorPct" : 0.0,
    "meanResTime" : 12.50384615384616,
    "medianResTime" : 11.0,
    "minResTime" : 9.0,
    "maxResTime" : 43.0,
    "pct1ResTime" : 15.0,
    "pct2ResTime" : 35.14999999999981,
    "pct3ResTime" : 40.389999999999986,
    "throughput" : 13.349763811871021,
    "receivedKBytesPerSec" : 134.8862161281834,
    "sentKBytesPerSec" : 2.4639700785582255
  },
  "Open Homepage" : {
    "transaction" : "Open Homepage",
    "sampleCount" : 260,
    "errorCount" : 0,
    "errorPct" : 0.0,
    "meanResTime" : 48.761538461538485,
    "medianResTime" : 40.0,
    "minResTime" : 9.0,
    "maxResTime" : 517.0,
    "pct1ResTime" : 72.80000000000001,
    "pct2ResTime" : 89.94999999999999,
    "pct3ResTime" : 510.7299999999999,
    "throughput" : 13.019529293940911,
    "receivedKBytesPerSec" : 147.52636767651478,
    "sentKBytesPerSec" : 2.288589133700551
  },
  "Contact" : {
    "transaction" : "Contact",
    "sampleCount" : 260,
    "errorCount" : 260,
    "errorPct" : 100.0,
    "meanResTime" : 49.84999999999998,
    "medianResTime" : 48.0,
    "minResTime" : 42.0,
    "maxResTime" : 84.0,
    "pct1ResTime" : 53.0,
    "pct2ResTime" : 71.89999999999998,
    "pct3ResTime" : 77.77999999999997,
    "throughput" : 13.324450366422385,
    "receivedKBytesPerSec" : 141.08447933749295,
    "sentKBytesPerSec" : 6.141738840772818
  },
  "Submit Order" : {
    "transaction" : "Submit Order",
    "sampleCount" : 260,
    "errorCount" : 260,
    "errorPct" : 100.0,
    "meanResTime" : 37.046153846153835,
    "medianResTime" : 37.0,
    "minResTime" : 33.0,
    "maxResTime" : 48.0,
    "pct1ResTime" : 39.0,
    "pct2ResTime" : 40.0,
    "pct3ResTime" : 44.0,
    "throughput" : 13.349763811871021,
    "receivedKBytesPerSec" : 6.427381777572397,
    "sentKBytesPerSec" : 3.3113671955226947
  },
  "CartPage" : {
    "transaction" : "CartPage",
    "sampleCount" : 260,
    "errorCount" : 0,
    "errorPct" : 0.0,
    "meanResTime" : 12.750000000000004,
    "medianResTime" : 11.0,
    "minResTime" : 8.0,
    "maxResTime" : 43.0,
    "pct1ResTime" : 15.900000000000006,
    "pct2ResTime" : 37.0,
    "pct3ResTime" : 41.389999999999986,
    "throughput" : 13.364173734258545,
    "receivedKBytesPerSec" : 126.55100512400412,
    "sentKBytesPerSec" : 2.466629722436392
  },
  "Checkout" : {
    "transaction" : "Checkout",
    "sampleCount" : 260,
    "errorCount" : 260,
    "errorPct" : 100.0,
    "meanResTime" : 74.15384615384622,
    "medianResTime" : 74.0,
    "minResTime" : 69.0,
    "maxResTime" : 89.0,
    "pct1ResTime" : 78.0,
    "pct2ResTime" : 80.0,
    "pct3ResTime" : 84.0,
    "throughput" : 13.323084806559056,
    "receivedKBytesPerSec" : 12.86790609787343,
    "sentKBytesPerSec" : 5.815838777863182
  },
  "Total" : {
    "transaction" : "Total",
    "sampleCount" : 2080,
    "errorCount" : 780,
    "errorPct" : 37.5,
    "meanResTime" : 26.548076923076923,
    "medianResTime" : 20.0,
    "minResTime" : 8.0,
    "maxResTime" : 517.0,
    "pct1ResTime" : 40.0,
    "pct2ResTime" : 47.0,
    "pct3ResTime" : 76.19000000000005,
    "throughput" : 102.91934685799109,
    "receivedKBytesPerSec" : 640.6340359815686,
    "sentKBytesPerSec" : 21.018562902028698
  },
  "Open Checkout Page" : {
    "transaction" : "Open Checkout Page",
    "sampleCount" : 260,
    "errorCount" : 260,
    "errorPct" : 100.0,
    "meanResTime" : 37.10769230769231,
    "medianResTime" : 37.0,
    "minResTime" : 33.0,
    "maxResTime" : 46.0,
    "pct1ResTime" : 39.900000000000006,
    "pct2ResTime" : 40.94999999999999,
    "pct3ResTime" : 45.389999999999986,
    "throughput" : 13.34839305883561,
    "receivedKBytesPerSec" : 6.465627887873498,
    "sentKBytesPerSec" : 2.5158592386281957
  },
  "View Cart" : {
    "transaction" : "View Cart",
    "sampleCount" : 260,
    "errorCount" : 0,
    "errorPct" : 0.0,
    "meanResTime" : 12.088461538461546,
    "medianResTime" : 11.0,
    "minResTime" : 8.0,
    "maxResTime" : 44.0,
    "pct1ResTime" : 14.0,
    "pct2ResTime" : 15.949999999999989,
    "pct3ResTime" : 42.77999999999997,
    "throughput" : 13.365547730427185,
    "receivedKBytesPerSec" : 132.38066991595127,
    "sentKBytesPerSec" : 2.466883321338611
  },
  "Cart" : {
    "transaction" : "Cart",
    "sampleCount" : 260,
    "errorCount" : 0,
    "errorPct" : 0.0,
    "meanResTime" : 39.61923076923075,
    "medianResTime" : 33.0,
    "minResTime" : 26.0,
    "maxResTime" : 137.0,
    "pct1ResTime" : 62.0,
    "pct2ResTime" : 83.24999999999983,
    "pct3ResTime" : 132.77999999999997,
    "throughput" : 13.30535796530372,
    "receivedKBytesPerSec" : 358.06835227854253,
    "sentKBytesPerSec" : 7.458276828207358
  }
}