{
  "Open Product Page" : {
    "transaction" : "Open Product Page",
    "sampleCount" : 260,
    "errorCount" : 0,
    "errorPct" : 0.0,
    "meanResTime" : 20.419230769230786,
    "medianResTime" : 19.0,
    "minResTime" : 16.0,
    "maxResTime" : 39.0,
    "pct1ResTime" : 23.0,
    "pct2ResTime" : 30.0,
    "pct3ResTime" : 36.0,
    "throughput" : 13.320354526358932,
    "receivedKBytesPerSec" : 88.23318985667811,
    "sentKBytesPerSec" : 2.54959910856089
  },
  "Homepage" : {
    "transaction" : "Homepage",
    "sampleCount" : 260,
    "errorCount" : 0,
    "errorPct" : 0.0,
    "meanResTime" : 54.46153846153847,
    "medianResTime" : 58.0,
    "minResTime" : 17.0,
    "maxResTime" : 519.0,
    "pct1ResTime" : 67.0,
    "pct2ResTime" : 73.84999999999997,
    "pct3ResTime" : 515.0,
    "throughput" : 12.905787749429166,
    "receivedKBytesPerSec" : 78.09029242777723,
    "sentKBytesPerSec" : 2.2685955028293456
  },
  "Send Message" : {
    "transaction" : "Send Message",
    "sampleCount" : 260,
    "errorCount" : 260,
    "errorPct" : 100.0,
    "meanResTime" : 28.511538461538475,
    "medianResTime" : 29.0,
    "minResTime" : 16.0,
    "maxResTime" : 36.0,
    "pct1ResTime" : 31.0,
    "pct2ResTime" : 32.0,
    "pct3ResTime" : 36.0,
    "throughput" : 13.317625364954157,
    "receivedKBytesPerSec" : 6.45072478614967,
    "sentKBytesPerSec" : 3.6805546662910413
  },
  "Open Contact Page" : {
    "transaction" : "Open Contact Page",
    "sampleCount" : 260,
    "errorCount" : 0,
    "errorPct" : 0.0,
    "meanResTime" : 20.68846153846154,
    "medianResTime" : 20.0,
    "minResTime" : 17.0,
    "maxResTime" : 44.0,
    "pct1ResTime" : 24.0,
    "pct2ResTime" : 25.0,
    "pct3ResTime" : 33.16999999999996,
    "throughput" : 13.323767551501485,
    "receivedKBytesPerSec" : 182.49082589743261,
    "sentKBytesPerSec" : 2.4591719406579893
  },
  "Open Homepage" : {
    "transaction" : "Open Homepage",
    "sampleCount" : 260,
    "errorCount" : 0,
    "errorPct" : 0.0,
    "meanResTime" : 54.46153846153847,
    "medianResTime" : 58.0,
    "minResTime" : 17.0,
    "maxResTime" : 519.0,
    "pct1ResTime" : 67.0,
    "pct2ResTime" : 73.84999999999997,
    "pct3ResTime" : 515.0,
    "throughput" : 12.985715712716013,
    "receivedKBytesPerSec" : 78.57392025022476,
    "sentKBytesPerSec" : 2.2826453401258617
  },
  "Contact" : {
    "transaction" : "Contact",
    "sampleCount" : 260,
    "errorCount" : 260,
    "errorPct" : 100.0,
    "meanResTime" : 49.19999999999998,
    "medianResTime" : 49.0,
    "minResTime" : 33.0,
    "maxResTime" : 80.0,
    "pct1ResTime" : 54.0,
    "pct2ResTime" : 56.0,
    "pct3ResTime" : 63.94999999999993,
    "throughput" : 13.303315595579205,
    "receivedKBytesPerSec" : 188.6544963447861,
    "sentKBytesPerSec" : 6.13199703233729
  },
  "Submit Order" : {
    "transaction" : "Submit Order",
    "sampleCount" : 260,
    "errorCount" : 260,
    "errorPct" : 100.0,
    "meanResTime" : 28.91538461538463,
    "medianResTime" : 29.0,
    "minResTime" : 16.0,
    "maxResTime" : 46.0,
    "pct1ResTime" : 31.900000000000006,
    "pct2ResTime" : 33.0,
    "pct3ResTime" : 38.559999999999945,
    "throughput" : 13.323084806559056,
    "receivedKBytesPerSec" : 6.414336728157827,
    "sentKBytesPerSec" : 3.3047495516269536
  },
  "CartPage" : {
    "transaction" : "CartPage",
    "sampleCount" : 260,
    "errorCount" : 0,
    "errorPct" : 0.0,
    "meanResTime" : 21.899999999999984,
    "medianResTime" : 20.0,
    "minResTime" : 17.0,
    "maxResTime" : 65.0,
    "pct1ResTime" : 31.0,
    "pct2ResTime" : 33.0,
    "pct3ResTime" : 43.77999999999997,
    "throughput" : 13.326499231163506,
    "receivedKBytesPerSec" : 190.89639527806253,
    "sentKBytesPerSec" : 2.459676127626858
  },
  "Checkout" : {
    "transaction" : "Checkout",
    "sampleCount" : 260,
    "errorCount" : 260,
    "errorPct" : 100.0,
    "meanResTime" : 57.4692307692308,
    "medianResTime" : 59.0,
    "minResTime" : 33.0,
    "maxResTime" : 82.0,
    "pct1ResTime" : 62.0,
    "pct2ResTime" : 65.0,
    "pct3ResTime" : 72.55999999999995,
    "throughput" : 13.308763308763309,
    "receivedKBytesPerSec" : 12.853873937858312,
    "sentKBytesPerSec" : 5.809587108415233
  },
  "Total" : {
    "transaction" : "Total",
    "sampleCount" : 2080,
    "errorCount" : 780,
    "errorPct" : 37.5,
    "meanResTime" : 28.08365384615382,
    "medianResTime" : 23.0,
    "minResTime" : 16.0,
    "maxResTime" : 519.0,
    "pct1ResTime" : 33.0,
    "pct2ResTime" : 59.0,
    "pct3ResTime" : 68.0,
    "throughput" : 102.99579103738549,
    "receivedKBytesPerSec" : 734.3090415325576,
    "sentKBytesPerSec" : 21.03417461005199
  },
  "Open Checkout Page" : {
    "transaction" : "Open Checkout Page",
    "sampleCount" : 260,
    "errorCount" : 260,
    "errorPct" : 100.0,
    "meanResTime" : 28.553846153846152,
    "medianResTime" : 29.0,
    "minResTime" : 16.0,
    "maxResTime" : 51.0,
    "pct1ResTime" : 31.0,
    "pct2ResTime" : 32.0,
    "pct3ResTime" : 35.0,
    "throughput" : 13.329232031169896,
    "receivedKBytesPerSec" : 6.456346765097918,
    "sentKBytesPerSec" : 2.512247833999795
  },
  "View Cart" : {
    "transaction" : "View Cart",
    "sampleCount" : 260,
    "errorCount" : 0,
    "errorPct" : 0.0,
    "meanResTime" : 21.219230769230762,
    "medianResTime" : 20.0,
    "minResTime" : 17.0,
    "maxResTime" : 44.0,
    "pct1ResTime" : 24.900000000000006,
    "pct2ResTime" : 28.94999999999999,
    "pct3ResTime" : 36.16999999999996,
    "throughput" : 13.333333333333334,
    "receivedKBytesPerSec" : 198.53205128205127,
    "sentKBytesPerSec" : 2.4609375
  },
  "Cart" : {
    "transaction" : "Cart",
    "sampleCount" : 260,
    "errorCount" : 0,
    "errorPct" : 0.0,
    "meanResTime" : 63.538461538461554,
    "medianResTime" : 60.5,
    "minResTime" : 53.0,
    "maxResTime" : 118.0,
    "pct1ResTime" : 73.9,
    "pct2ResTime" : 82.89999999999998,
    "pct3ResTime" : 105.77999999999997,
    "throughput" : 13.292433537832311,
    "receivedKBytesPerSec" : 476.3797190535532,
    "sentKBytesPerSec" : 7.451032080777097
  }
}