{
  "Open Product Page" : {
    "transaction" : "Open Product Page",
    "sampleCount" : 260,
    "errorCount" : 0,
    "errorPct" : 0.0,
    "meanResTime" : 23.223076923076924,
    "medianResTime" : 20.0,
    "minResTime" : 17.0,
    "maxResTime" : 69.0,
    "pct1ResTime" : 23.0,
    "pct2ResTime" : 63.94999999999999,
    "pct3ResTime" : 67.38999999999999,
    "throughput" : 13.32103699149503,
    "receivedKBytesPerSec" : 72.33937503202172,
    "sentKBytesPerSec" : 2.5497297366533456
  },
  "Homepage" : {
    "transaction" : "Homepage",
    "sampleCount" : 260,
    "errorCount" : 0,
    "errorPct" : 0.0,
    "meanResTime" : 58.896153846153865,
    "medianResTime" : 60.0,
    "minResTime" : 17.0,
    "maxResTime" : 587.0,
    "pct1ResTime" : 69.0,
    "pct2ResTime" : 75.94999999999999,
    "pct3ResTime" : 583.78,
    "throughput" : 12.859827876149966,
    "receivedKBytesPerSec" : 64.14834166955188,
    "sentKBytesPerSec" : 2.2605166188544863
  },
  "Send Message" : {
    "transaction" : "Send Message",
    "sampleCount" : 260,
    "errorCount" : 260,
    "errorPct" : 100.0,
    "meanResTime" : 62.88846153846157,
    "medianResTime" : 62.0,
    "minResTime" : 58.0,
    "maxResTime" : 79.0,
    "pct1ResTime" : 66.0,
    "pct2ResTime" : 67.0,
    "pct3ResTime" : 72.77999999999997,
    "throughput" : 13.357994245787093,
    "receivedKBytesPerSec" : 6.470479153822442,
    "sentKBytesPerSec" : 3.6917113003493633
  },
  "Open Contact Page" : {
    "transaction" : "Open Contact Page",
    "sampleCount" : 260,
    "errorCount" : 0,
    "errorPct" : 0.0,
    "meanResTime" : 20.7923076923077,
    "medianResTime" : 20.0,
    "minResTime" : 16.0,
    "maxResTime" : 75.0,
    "pct1ResTime" : 22.0,
    "pct2ResTime" : 23.0,
    "pct3ResTime" : 64.38999999999999,
    "throughput" : 13.387570156016684,
    "receivedKBytesPerSec" : 76.908080734128,
    "sentKBytesPerSec" : 2.470948007311673
  },
  "Open Homepage" : {
    "transaction" : "Open Homepage",
    "sampleCount" : 260,
    "errorCount" : 0,
    "errorPct" : 0.0,
    "meanResTime" : 58.896153846153865,
    "medianResTime" : 60.0,
    "minResTime" : 17.0,
    "maxResTime" : 587.0,
    "pct1ResTime" : 69.0,
    "pct2ResTime" : 75.94999999999999,
    "pct3ResTime" : 583.78,
    "throughput" : 12.941117913493605,
    "receivedKBytesPerSec" : 64.55383862799263,
    "sentKBytesPerSec" : 2.2748058832312976
  },
  "Contact" : {
    "transaction" : "Contact",
    "sampleCount" : 260,
    "errorCount" : 260,
    "errorPct" : 100.0,
    "meanResTime" : 83.68076923076929,
    "medianResTime" : 83.0,
    "minResTime" : 76.0,
    "maxResTime" : 140.0,
    "pct1ResTime" : 87.0,
    "pct2ResTime" : 89.94999999999999,
    "pct3ResTime" : 128.39,
    "throughput" : 13.34359763920965,
    "receivedKBytesPerSec" : 83.11897573453939,
    "sentKBytesPerSec" : 6.150564536823198
  },
  "Submit Order" : {
    "transaction" : "Submit Order",
    "sampleCount" : 260,
    "errorCount" : 260,
    "errorPct" : 100.0,
    "meanResTime" : 62.65769230769229,
    "medianResTime" : 62.0,
    "minResTime" : 57.0,
    "maxResTime" : 127.0,
    "pct1ResTime" : 65.0,
    "pct2ResTime" : 66.0,
    "pct3ResTime" : 68.38999999999999,
    "throughput" : 13.355249640435586,
    "receivedKBytesPerSec" : 6.429822336655024,
    "sentKBytesPerSec" : 3.312727938154921
  },
  "CartPage" : {
    "transaction" : "CartPage",
    "sampleCount" : 260,
    "errorCount" : 0,
    "errorPct" : 0.0,
    "meanResTime" : 22.184615384615398,
    "medianResTime" : 20.0,
    "minResTime" : 17.0,
    "maxResTime" : 71.0,
    "pct1ResTime" : 22.0,
    "pct2ResTime" : 34.799999999999955,
    "pct3ResTime" : 70.0,
    "throughput" : 13.352506162695153,
    "receivedKBytesPerSec" : 76.79662022712098,
    "sentKBytesPerSec" : 2.4644762351068197
  },
  "Checkout" : {
    "transaction" : "Checkout",
    "sampleCount" : 260,
    "errorCount" : 260,
    "errorPct" : 100.0,
    "meanResTime" : 125.5538461538461,
    "medianResTime" : 125.0,
    "minResTime" : 118.0,
    "maxResTime" : 192.0,
    "pct1ResTime" : 129.0,
    "pct2ResTime" : 130.0,
    "pct3ResTime" : 135.33999999999992,
    "throughput" : 13.312170395781067,
    "receivedKBytesPerSec" : 12.85716457170652,
    "sentKBytesPerSec" : 5.8110743817520865
  },
  "Total" : {
    "transaction" : "Total",
    "sampleCount" : 2080,
    "errorCount" : 780,
    "errorPct" : 37.5,
    "meanResTime" : 41.816346153846105,
    "medianResTime" : 23.0,
    "minResTime" : 16.0,
    "maxResTime" : 587.0,
    "pct1ResTime" : 65.0,
    "pct2ResTime" : 66.0,
    "pct3ResTime" : 73.19000000000005,
    "throughput" : 102.19121548589958,
    "receivedKBytesPerSec" : 371.86908899970524,
    "sentKBytesPerSec" : 20.86986126805542
  },
  "Open Checkout Page" : {
    "transaction" : "Open Checkout Page",
    "sampleCount" : 260,
    "errorCount" : 260,
    "errorPct" : 100.0,
    "meanResTime" : 62.896153846153844,
    "medianResTime" : 63.0,
    "minResTime" : 57.0,
    "maxResTime" : 78.0,
    "pct1ResTime" : 66.0,
    "pct2ResTime" : 66.0,
    "pct3ResTime" : 70.0,
    "throughput" : 13.355249640435586,
    "receivedKBytesPerSec" : 6.468949044585988,
    "sentKBytesPerSec" : 2.5171515435586604
  },
  "View Cart" : {
    "transaction" : "View Cart",
    "sampleCount" : 260,
    "errorCount" : 0,
    "errorPct" : 0.0,
    "meanResTime" : 20.99230769230768,
    "medianResTime" : 20.0,
    "minResTime" : 17.0,
    "maxResTime" : 65.0,
    "pct1ResTime" : 23.0,
    "pct2ResTime" : 23.0,
    "pct3ResTime" : 64.38999999999999,
    "throughput" : 13.381369016984046,
    "receivedKBytesPerSec" : 76.89562693000515,
    "sentKBytesPerSec" : 2.469803461142563
  },
  "Cart" : {
    "transaction" : "Cart",
    "sampleCount" : 260,
    "errorCount" : 0,
    "errorPct" : 0.0,
    "meanResTime" : 66.39999999999996,
    "medianResTime" : 61.0,
    "minResTime" : 51.0,
    "maxResTime" : 190.0,
    "pct1ResTime" : 70.80000000000001,
    "pct2ResTime" : 108.94999999999999,
    "pct3ResTime" : 171.9699999999997,
    "throughput" : 13.294472567367183,
    "receivedKBytesPerSec" : 225.0542384919722,
    "sentKBytesPerSec" : 7.452175052410902
  }
}