{
  "Open Product Page" : {
    "transaction" : "Open Product Page",
    "sampleCount" : 260,
    "errorCount" : 0,
    "errorPct" : 0.0,
    "meanResTime" : 22.042307692307684,
    "medianResTime" : 19.0,
    "minResTime" : 17.0,
    "maxResTime" : 71.0,
    "pct1ResTime" : 22.0,
    "pct2ResTime" : 61.94999999999999,
    "pct3ResTime" : 68.38999999999999,
    "throughput" : 13.29991303903013,
    "receivedKBytesPerSec" : 72.29989385646324,
    "sentKBytesPerSec" : 2.545686480126861
  },
  "Homepage" : {
    "transaction" : "Homepage",
    "sampleCount" : 260,
    "errorCount" : 0,
    "errorPct" : 0.0,
    "meanResTime" : 62.769230769230774,
    "medianResTime" : 65.0,
    "minResTime" : 17.0,
    "maxResTime" : 636.0,
    "pct1ResTime" : 74.0,
    "pct2ResTime" : 109.94999999999999,
    "pct3ResTime" : 629.56,
    "throughput" : 12.817352723687454,
    "receivedKBytesPerSec" : 63.9994819910032,
    "sentKBytesPerSec" : 2.253050283460685
  },
  "Send Message" : {
    "transaction" : "Send Message",
    "sampleCount" : 260,
    "errorCount" : 260,
    "errorPct" : 100.0,
    "meanResTime" : 61.849999999999994,
    "medianResTime" : 62.0,
    "minResTime" : 56.0,
    "maxResTime" : 69.0,
    "pct1ResTime" : 64.0,
    "pct2ResTime" : 65.0,
    "pct3ResTime" : 67.38999999999999,
    "throughput" : 13.333333333333334,
    "receivedKBytesPerSec" : 6.458333333333333,
    "sentKBytesPerSec" : 3.6848958333333335
  },
  "Open Contact Page" : {
    "transaction" : "Open Contact Page",
    "sampleCount" : 260,
    "errorCount" : 0,
    "errorPct" : 0.0,
    "meanResTime" : 19.83076923076924,
    "medianResTime" : 19.0,
    "minResTime" : 17.0,
    "maxResTime" : 62.0,
    "pct1ResTime" : 21.0,
    "pct2ResTime" : 21.94999999999999,
    "pct3ResTime" : 59.77999999999997,
    "throughput" : 13.362113269606333,
    "receivedKBytesPerSec" : 76.70843732333745,
    "sentKBytesPerSec" : 2.4662494218316375
  },
  "Open Homepage" : {
    "transaction" : "Open Homepage",
    "sampleCount" : 260,
    "errorCount" : 0,
    "errorPct" : 0.0,
    "meanResTime" : 62.769230769230774,
    "medianResTime" : 65.0,
    "minResTime" : 17.0,
    "maxResTime" : 636.0,
    "pct1ResTime" : 74.0,
    "pct2ResTime" : 109.94999999999999,
    "pct3ResTime" : 629.56,
    "throughput" : 12.894267010513786,
    "receivedKBytesPerSec" : 64.38352966611286,
    "sentKBytesPerSec" : 2.2665703729418762
  },
  "Contact" : {
    "transaction" : "Contact",
    "sampleCount" : 260,
    "errorCount" : 260,
    "errorPct" : 100.0,
    "meanResTime" : 81.6807692307692,
    "medianResTime" : 81.0,
    "minResTime" : 75.0,
    "maxResTime" : 123.0,
    "pct1ResTime" : 84.0,
    "pct2ResTime" : 85.0,
    "pct3ResTime" : 121.16999999999996,
    "throughput" : 13.31967213114754,
    "receivedKBytesPerSec" : 82.916509909708,
    "sentKBytesPerSec" : 6.13953637295082
  },
  "Submit Order" : {
    "transaction" : "Submit Order",
    "sampleCount" : 260,
    "errorCount" : 260,
    "errorPct" : 100.0,
    "meanResTime" : 62.130769230769246,
    "medianResTime" : 62.0,
    "minResTime" : 57.0,
    "maxResTime" : 96.0,
    "pct1ResTime" : 65.0,
    "pct2ResTime" : 66.0,
    "pct3ResTime" : 72.77999999999997,
    "throughput" : 13.331965952210028,
    "receivedKBytesPerSec" : 6.4186125141011185,
    "sentKBytesPerSec" : 3.3069524920520976
  },
  "CartPage" : {
    "transaction" : "CartPage",
    "sampleCount" : 260,
    "errorCount" : 0,
    "errorPct" : 0.0,
    "meanResTime" : 21.038461538461522,
    "medianResTime" : 19.0,
    "minResTime" : 17.0,
    "maxResTime" : 71.0,
    "pct1ResTime" : 21.0,
    "pct2ResTime" : 22.94999999999999,
    "pct3ResTime" : 68.38999999999999,
    "throughput" : 13.329232031169896,
    "receivedKBytesPerSec" : 76.67672767353635,
    "sentKBytesPerSec" : 2.4601805213780374
  },
  "Checkout" : {
    "transaction" : "Checkout",
    "sampleCount" : 260,
    "errorCount" : 260,
    "errorPct" : 100.0,
    "meanResTime" : 124.24999999999994,
    "medianResTime" : 124.0,
    "minResTime" : 117.0,
    "maxResTime" : 161.0,
    "pct1ResTime" : 128.0,
    "pct2ResTime" : 129.95,
    "pct3ResTime" : 146.40999999999974,
    "throughput" : 13.288357354594705,
    "receivedKBytesPerSec" : 12.834365097618319,
    "sentKBytesPerSec" : 5.800679431156087
  },
  "Total" : {
    "transaction" : "Total",
    "sampleCount" : 2080,
    "errorCount" : 780,
    "errorPct" : 37.5,
    "meanResTime" : 41.4673076923078,
    "medianResTime" : 21.0,
    "minResTime" : 17.0,
    "maxResTime" : 636.0,
    "pct1ResTime" : 65.0,
    "pct2ResTime" : 67.0,
    "pct3ResTime" : 79.76000000000022,
    "throughput" : 101.81604581722061,
    "receivedKBytesPerSec" : 370.733221615106,
    "sentKBytesPerSec" : 20.79324275539674
  },
  "Open Checkout Page" : {
    "transaction" : "Open Checkout Page",
    "sampleCount" : 260,
    "errorCount" : 260,
    "errorPct" : 100.0,
    "meanResTime" : 62.11923076923076,
    "medianResTime" : 62.0,
    "minResTime" : 56.0,
    "maxResTime" : 97.0,
    "pct1ResTime" : 65.0,
    "pct2ResTime" : 65.94999999999999,
    "pct3ResTime" : 71.50999999999988,
    "throughput" : 13.331965952210028,
    "receivedKBytesPerSec" : 6.457871308070968,
    "sentKBytesPerSec" : 2.512763114039586
  },
  "View Cart" : {
    "transaction" : "View Cart",
    "sampleCount" : 260,
    "errorCount" : 0,
    "errorPct" : 0.0,
    "meanResTime" : 19.9576923076923,
    "medianResTime" : 19.0,
    "minResTime" : 17.0,
    "maxResTime" : 65.0,
    "pct1ResTime" : 21.0,
    "pct2ResTime" : 21.94999999999999,
    "pct3ResTime" : 63.389999999999986,
    "throughput" : 13.359366971534273,
    "receivedKBytesPerSec" : 76.90808530726544,
    "sentKBytesPerSec" : 2.4657425367382593
  },
  "Cart" : {
    "transaction" : "Cart",
    "sampleCount" : 260,
    "errorCount" : 0,
    "errorPct" : 0.0,
    "meanResTime" : 63.038461538461576,
    "medianResTime" : 58.0,
    "minResTime" : 52.0,
    "maxResTime" : 203.0,
    "pct1ResTime" : 63.0,
    "pct2ResTime" : 102.94999999999999,
    "pct3ResTime" : 156.55999999999995,
    "throughput" : 13.273432713906473,
    "receivedKBytesPerSec" : 224.92505775219522,
    "sentKBytesPerSec" : 7.440381228303043
  }
}