{
  "Open Product Page" : {
    "transaction" : "Open Product Page",
    "sampleCount" : 260,
    "errorCount" : 0,
    "errorPct" : 0.0,
    "meanResTime" : 23.865384615384606,
    "medianResTime" : 21.0,
    "minResTime" : 17.0,
    "maxResTime" : 79.0,
    "pct1ResTime" : 24.0,
    "pct2ResTime" : 64.94999999999999,
    "pct3ResTime" : 70.0,
    "throughput" : 13.276143790849673,
    "receivedKBytesPerSec" : 72.1623539145476,
    "sentKBytesPerSec" : 2.5411368974673203
  },
  "Homepage" : {
    "transaction" : "Homepage",
    "sampleCount" : 260,
    "errorCount" : 0,
    "errorPct" : 0.0,
    "meanResTime" : 62.97692307692312,
    "medianResTime" : 61.0,
    "minResTime" : 18.0,
    "maxResTime" : 660.0,
    "pct1ResTime" : 72.0,
    "pct2ResTime" : 106.74999999999994,
    "pct3ResTime" : 640.3599999999997,
    "throughput" : 12.788352761792337,
    "receivedKBytesPerSec" : 63.94421350093454,
    "sentKBytesPerSec" : 2.247952633908809
  },
  "Send Message" : {
    "transaction" : "Send Message",
    "sampleCount" : 260,
    "errorCount" : 260,
    "errorPct" : 100.0,
    "meanResTime" : 63.050000000000004,
    "medianResTime" : 63.0,
    "minResTime" : 59.0,
    "maxResTime" : 83.0,
    "pct1ResTime" : 66.0,
    "pct2ResTime" : 67.0,
    "pct3ResTime" : 71.77999999999997,
    "throughput" : 13.329915406306075,
    "receivedKBytesPerSec" : 6.4566777749295055,
    "sentKBytesPerSec" : 3.68395123045373
  },
  "Open Contact Page" : {
    "transaction" : "Open Contact Page",
    "sampleCount" : 260,
    "errorCount" : 0,
    "errorPct" : 0.0,
    "meanResTime" : 21.59615384615384,
    "medianResTime" : 21.0,
    "minResTime" : 18.0,
    "maxResTime" : 65.0,
    "pct1ResTime" : 23.0,
    "pct2ResTime" : 26.0,
    "pct3ResTime" : 62.77999999999997,
    "throughput" : 13.357307988697663,
    "receivedKBytesPerSec" : 76.86482548805549,
    "sentKBytesPerSec" : 2.465362509632674
  },
  "Open Homepage" : {
    "transaction" : "Open Homepage",
    "sampleCount" : 260,
    "errorCount" : 0,
    "errorPct" : 0.0,
    "meanResTime" : 62.97307692307696,
    "medianResTime" : 61.0,
    "minResTime" : 18.0,
    "maxResTime" : 660.0,
    "pct1ResTime" : 72.0,
    "pct2ResTime" : 106.74999999999994,
    "pct3ResTime" : 640.3599999999997,
    "throughput" : 12.86937583527199,
    "receivedKBytesPerSec" : 64.3493443888284,
    "sentKBytesPerSec" : 2.2621949710439044
  },
  "Contact" : {
    "transaction" : "Contact",
    "sampleCount" : 260,
    "errorCount" : 260,
    "errorPct" : 100.0,
    "meanResTime" : 84.64615384615392,
    "medianResTime" : 84.0,
    "minResTime" : 78.0,
    "maxResTime" : 128.0,
    "pct1ResTime" : 88.9,
    "pct2ResTime" : 92.94999999999999,
    "pct3ResTime" : 126.0,
    "throughput" : 13.316261203585146,
    "receivedKBytesPerSec" : 83.07868517925736,
    "sentKBytesPerSec" : 6.137964148527529
  },
  "Submit Order" : {
    "transaction" : "Submit Order",
    "sampleCount" : 260,
    "errorCount" : 260,
    "errorPct" : 100.0,
    "meanResTime" : 63.05769230769232,
    "medianResTime" : 63.0,
    "minResTime" : 57.0,
    "maxResTime" : 83.0,
    "pct1ResTime" : 66.0,
    "pct2ResTime" : 67.94999999999999,
    "pct3ResTime" : 71.94999999999993,
    "throughput" : 13.325816206242633,
    "receivedKBytesPerSec" : 6.415651747732049,
    "sentKBytesPerSec" : 3.3054270667828405
  },
  "CartPage" : {
    "transaction" : "CartPage",
    "sampleCount" : 260,
    "errorCount" : 0,
    "errorPct" : 0.0,
    "meanResTime" : 22.86153846153847,
    "medianResTime" : 21.0,
    "minResTime" : 18.0,
    "maxResTime" : 68.0,
    "pct1ResTime" : 23.0,
    "pct2ResTime" : 39.89999999999998,
    "pct3ResTime" : 66.38999999999999,
    "throughput" : 13.31080735166129,
    "receivedKBytesPerSec" : 76.46119907656274,
    "sentKBytesPerSec" : 2.4567798725234216
  },
  "Checkout" : {
    "transaction" : "Checkout",
    "sampleCount" : 260,
    "errorCount" : 260,
    "errorPct" : 100.0,
    "meanResTime" : 125.90769230769239,
    "medianResTime" : 126.0,
    "minResTime" : 115.0,
    "maxResTime" : 147.0,
    "pct1ResTime" : 130.0,
    "pct2ResTime" : 132.0,
    "pct3ResTime" : 140.94999999999993,
    "throughput" : 13.281569268492031,
    "receivedKBytesPerSec" : 12.827808924192889,
    "sentKBytesPerSec" : 5.797716272476502
  },
  "Total" : {
    "transaction" : "Total",
    "sampleCount" : 2080,
    "errorCount" : 780,
    "errorPct" : 37.5,
    "meanResTime" : 42.71298076923078,
    "medianResTime" : 24.0,
    "minResTime" : 17.0,
    "maxResTime" : 660.0,
    "pct1ResTime" : 65.0,
    "pct2ResTime" : 67.0,
    "pct3ResTime" : 79.76000000000022,
    "throughput" : 101.59722561422362,
    "receivedKBytesPerSec" : 369.93187292409516,
    "sentKBytesPerSec" : 20.748554498607923
  },
  "Open Checkout Page" : {
    "transaction" : "Open Checkout Page",
    "sampleCount" : 260,
    "errorCount" : 260,
    "errorPct" : 100.0,
    "meanResTime" : 62.84999999999998,
    "medianResTime" : 62.0,
    "minResTime" : 57.0,
    "maxResTime" : 79.0,
    "pct1ResTime" : 66.0,
    "pct2ResTime" : 67.0,
    "pct3ResTime" : 70.38999999999999,
    "throughput" : 13.324450366422385,
    "receivedKBytesPerSec" : 6.454230833290627,
    "sentKBytesPerSec" : 2.5113466022651565
  },
  "View Cart" : {
    "transaction" : "View Cart",
    "sampleCount" : 260,
    "errorCount" : 0,
    "errorPct" : 0.0,
    "meanResTime" : 21.44999999999999,
    "medianResTime" : 21.0,
    "minResTime" : 17.0,
    "maxResTime" : 71.0,
    "pct1ResTime" : 23.0,
    "pct2ResTime" : 25.0,
    "pct3ResTime" : 64.94999999999993,
    "throughput" : 13.3422281521014,
    "receivedKBytesPerSec" : 76.6455982674347,
    "sentKBytesPerSec" : 2.4625792194796534
  },
  "Cart" : {
    "transaction" : "Cart",
    "sampleCount" : 260,
    "errorCount" : 0,
    "errorPct" : 0.0,
    "meanResTime" : 68.17692307692307,
    "medianResTime" : 62.0,
    "minResTime" : 54.0,
    "maxResTime" : 202.0,
    "pct1ResTime" : 73.9,
    "pct2ResTime" : 111.84999999999997,
    "pct3ResTime" : 175.64999999999952,
    "throughput" : 13.249082755809212,
    "receivedKBytesPerSec" : 224.23241510713922,
    "sentKBytesPerSec" : 7.426731935385243
  }
}