{
  "Open Product Page" : {
    "transaction" : "Open Product Page",
    "sampleCount" : 260,
    "errorCount" : 0,
    "errorPct" : 0.0,
    "meanResTime" : 23.32307692307692,
    "medianResTime" : 20.0,
    "minResTime" : 18.0,
    "maxResTime" : 73.0,
    "pct1ResTime" : 23.0,
    "pct2ResTime" : 65.84999999999997,
    "pct3ResTime" : 70.38999999999999,
    "throughput" : 13.340858946072142,
    "receivedKBytesPerSec" : 72.50479236684797,
    "sentKBytesPerSec" : 2.553523782646621
  },
  "Homepage" : {
    "transaction" : "Homepage",
    "sampleCount" : 260,
    "errorCount" : 0,
    "errorPct" : 0.0,
    "meanResTime" : 59.74999999999997,
    "medianResTime" : 60.0,
    "minResTime" : 17.0,
    "maxResTime" : 610.0,
    "pct1ResTime" : 69.0,
    "pct2ResTime" : 80.89999999999998,
    "pct3ResTime" : 607.17,
    "throughput" : 12.858555885262117,
    "receivedKBytesPerSec" : 64.05950559470821,
    "sentKBytesPerSec" : 2.260293026706232
  },
  "Send Message" : {
    "transaction" : "Send Message",
    "sampleCount" : 260,
    "errorCount" : 260,
    "errorPct" : 100.0,
    "meanResTime" : 62.9153846153846,
    "medianResTime" : 63.0,
    "minResTime" : 56.0,
    "maxResTime" : 78.0,
    "pct1ResTime" : 66.0,
    "pct2ResTime" : 66.0,
    "pct3ResTime" : 73.38999999999999,
    "throughput" : 13.377926421404682,
    "receivedKBytesPerSec" : 6.479933110367893,
    "sentKBytesPerSec" : 3.697219899665552
  },
  "Open Contact Page" : {
    "transaction" : "Open Contact Page",
    "sampleCount" : 260,
    "errorCount" : 0,
    "errorPct" : 0.0,
    "meanResTime" : 20.73461538461537,
    "medianResTime" : 20.0,
    "minResTime" : 17.0,
    "maxResTime" : 64.0,
    "pct1ResTime" : 22.0,
    "pct2ResTime" : 22.0,
    "pct3ResTime" : 42.259999999999536,
    "throughput" : 13.406899396689527,
    "receivedKBytesPerSec" : 77.06746433958129,
    "sentKBytesPerSec" : 2.4745156113030475
  },
  "Open Homepage" : {
    "transaction" : "Open Homepage",
    "sampleCount" : 260,
    "errorCount" : 0,
    "errorPct" : 0.0,
    "meanResTime" : 59.74999999999997,
    "medianResTime" : 60.0,
    "minResTime" : 17.0,
    "maxResTime" : 610.0,
    "pct1ResTime" : 69.0,
    "pct2ResTime" : 80.89999999999998,
    "pct3ResTime" : 607.17,
    "throughput" : 12.944983818770227,
    "receivedKBytesPerSec" : 64.49007732760766,
    "sentKBytesPerSec" : 2.2754854368932036
  },
  "Contact" : {
    "transaction" : "Contact",
    "sampleCount" : 260,
    "errorCount" : 260,
    "errorPct" : 100.0,
    "meanResTime" : 83.64999999999993,
    "medianResTime" : 83.0,
    "minResTime" : 74.0,
    "maxResTime" : 128.0,
    "pct1ResTime" : 87.0,
    "pct2ResTime" : 89.0,
    "pct3ResTime" : 109.52999999999963,
    "throughput" : 13.363486842105264,
    "receivedKBytesPerSec" : 83.29085299843236,
    "sentKBytesPerSec" : 6.159732216282895
  },
  "Submit Order" : {
    "transaction" : "Submit Order",
    "sampleCount" : 260,
    "errorCount" : 260,
    "errorPct" : 100.0,
    "meanResTime" : 62.569230769230764,
    "medianResTime" : 62.0,
    "minResTime" : 57.0,
    "maxResTime" : 84.0,
    "pct1ResTime" : 65.0,
    "pct2ResTime" : 66.0,
    "pct3ResTime" : 69.0,
    "throughput" : 13.376549879096569,
    "receivedKBytesPerSec" : 6.440278206513351,
    "sentKBytesPerSec" : 3.3180113957915314
  },
  "CartPage" : {
    "transaction" : "CartPage",
    "sampleCount" : 260,
    "errorCount" : 0,
    "errorPct" : 0.0,
    "meanResTime" : 22.411538461538456,
    "medianResTime" : 20.0,
    "minResTime" : 17.0,
    "maxResTime" : 68.0,
    "pct1ResTime" : 22.0,
    "pct2ResTime" : 33.74999999999994,
    "pct3ResTime" : 66.77999999999997,
    "throughput" : 13.373109762370126,
    "receivedKBytesPerSec" : 76.78146056218496,
    "sentKBytesPerSec" : 2.468279047937455
  },
  "Checkout" : {
    "transaction" : "Checkout",
    "sampleCount" : 260,
    "errorCount" : 260,
    "errorPct" : 100.0,
    "meanResTime" : 125.24230769230769,
    "medianResTime" : 125.0,
    "minResTime" : 116.0,
    "maxResTime" : 148.0,
    "pct1ResTime" : 129.9,
    "pct2ResTime" : 131.0,
    "pct3ResTime" : 135.39,
    "throughput" : 13.333333333333334,
    "receivedKBytesPerSec" : 12.877804487179487,
    "sentKBytesPerSec" : 5.8203125
  },
  "Total" : {
    "transaction" : "Total",
    "sampleCount" : 2080,
    "errorCount" : 780,
    "errorPct" : 37.5,
    "meanResTime" : 41.89519230769224,
    "medianResTime" : 22.0,
    "minResTime" : 17.0,
    "maxResTime" : 610.0,
    "pct1ResTime" : 65.0,
    "pct2ResTime" : 66.0,
    "pct3ResTime" : 73.19000000000005,
    "throughput" : 102.18619503807419,
    "receivedKBytesPerSec" : 371.7613435734463,
    "sentKBytesPerSec" : 20.86883597396217
  },
  "Open Checkout Page" : {
    "transaction" : "Open Checkout Page",
    "sampleCount" : 260,
    "errorCount" : 260,
    "errorPct" : 100.0,
    "meanResTime" : 62.673076923076906,
    "medianResTime" : 62.0,
    "minResTime" : 57.0,
    "maxResTime" : 71.0,
    "pct1ResTime" : 66.0,
    "pct2ResTime" : 66.0,
    "pct3ResTime" : 69.38999999999999,
    "throughput" : 13.375861714168124,
    "receivedKBytesPerSec" : 6.478933017800186,
    "sentKBytesPerSec" : 2.521036436361766
  },
  "View Cart" : {
    "transaction" : "View Cart",
    "sampleCount" : 260,
    "errorCount" : 0,
    "errorPct" : 0.0,
    "meanResTime" : 20.784615384615392,
    "medianResTime" : 20.0,
    "minResTime" : 18.0,
    "maxResTime" : 64.0,
    "pct1ResTime" : 22.0,
    "pct2ResTime" : 23.0,
    "pct3ResTime" : 44.69999999999959,
    "throughput" : 13.406899396689527,
    "receivedKBytesPerSec" : 77.06202584373227,
    "sentKBytesPerSec" : 2.4745156113030475
  },
  "Cart" : {
    "transaction" : "Cart",
    "sampleCount" : 260,
    "errorCount" : 0,
    "errorPct" : 0.0,
    "meanResTime" : 66.51923076923079,
    "medianResTime" : 61.0,
    "minResTime" : 53.0,
    "maxResTime" : 167.0,
    "pct1ResTime" : 68.9,
    "pct2ResTime" : 112.89999999999998,
    "pct3ResTime" : 158.16999999999996,
    "throughput" : 13.312852022529443,
    "receivedKBytesPerSec" : 225.30951980926778,
    "sentKBytesPerSec" : 7.462477598566307
  }
}